<?xml version="1.0" encoding="utf-8"?>
<layout>
  <entry>
    <name>Slash Defence</name>
    <type>f32</type>
    <default>0</default>
  </entry>
  <entry>
    <name>Thrust Defence</name>
    <type>f32</type>
    <default>0</default>
  </entry>
  <entry>
    <name>Strike Defence</name>
    <type>f32</type>
    <default>0</default>
  </entry>
  <entry>
    <name>Standard Defence</name>
    <type>f32</type>
    <default>0</default>
  </entry>
  <entry>
    <name>Magic Absorption</name>
    <type>f32</type>
    <default>0</default>
  </entry>
  <entry>
    <name>Lightning Absorption</name>
    <type>f32</type>
    <default>0</default>
  </entry>
  <entry>
    <name>Fire Absorption</name>
    <type>f32</type>
    <default>0</default>
  </entry>
  <entry>
    <name>Dark Absorption</name>
    <type>f32</type>
    <default>0</default>
  </entry>
  <entry>
    <name>Poison Resist</name>
    <type>f32</type>
    <default>0</default>
  </entry>
  <entry>
    <name>Bleed Resist</name>
    <type>f32</type>
    <default>0</default>
  </entry>
  <entry>
    <name>Petrify Resist</name>
    <type>f32</type>
    <default>0</default>
  </entry>
  <entry>
    <name>Curse Resist</name>
    <type>f32</type>
    <default>0</default>
  </entry>
  <entry>
    <name>Max Slash Defence</name>
    <type>f32</type>
    <default>0</default>
  </entry>
  <entry>
    <name>Max Thrust Defence</name>
    <type>f32</type>
    <default>0</default>
  </entry>
  <entry>
    <name>Make Strike Defence</name>
    <type>f32</type>
    <default>0</default>
  </entry>
  <entry>
    <name>Max Standard Defence</name>
    <type>f32</type>
    <default>0</default>
  </entry>
  <entry>
    <name>Max Magic Absorption</name>
    <type>f32</type>
    <default>0</default>
  </entry>
  <entry>
    <name>Max Lightning Absorption</name>
    <type>f32</type>
    <default>0</default>
  </entry>
  <entry>
    <name>Max Fire Absorption</name>
    <type>f32</type>
    <default>0</default>
  </entry>
  <entry>
    <name>Max Dark Absorption</name>
    <type>f32</type>
    <default>0</default>
  </entry>
  <entry>
    <name>Max Poison Resist</name>
    <type>f32</type>
    <default>0</default>
  </entry>
  <entry>
    <name>Max Bleed Resist</name>
    <type>f32</type>
    <default>0</default>
  </entry>
  <entry>
    <name>Max Petrify Resist</name>
    <type>f32</type>
    <default>0</default>
  </entry>
  <entry>
    <name>Max Curse Resist</name>
    <type>f32</type>
    <default>0</default>
  </entry>
  <entry>
    <name>Max Reinforce Level</name>
    <type>u32</type>
    <default>10</default>
  </entry>
  <entry>
    <name>Unk64</name>
    <type>f32</type>
    <default>0</default>
  </entry>
  <entry>
    <name>Upgrade Material</name>
    <type>u32</type>
    <default>105000</default>
  </entry>
  <entry>
    <name>Unk6C</name>
    <type>s32</type>
    <default>0</default>
  </entry>
  <entry>
    <name>Reinforce Cost ID</name>
    <type>u32</type>
    <default>0</default>
  </entry>
</layout>
