﻿<?xml version="1.0" encoding="utf-8"?>
<layout>
  <entry>
    <name>Group 1: Enemy Damage ID 0</name>
    <type>s32</type>
    <default>0</default>
  </entry>
  <entry>
    <name>Group 1: Enemy Damage ID 1</name>
    <type>s32</type>
    <default>0</default>
  </entry>
  <entry>
    <name>Group 1: Enemy Damage ID 2</name>
    <type>s32</type>
    <default>0</default>
  </entry>
  <entry>
    <name>Group 1: Enemy Damage ID 3</name>
    <type>s32</type>
    <default>0</default>
  </entry>
  <entry>
    <name>Group 1: Enemy Damage ID 4</name>
    <type>s32</type>
    <default>0</default>
  </entry>
  <entry>
    <name>Group 1: Enemy Damage ID 5</name>
    <type>s32</type>
    <default>0</default>
  </entry>
  <entry>
    <name>Group 1: Unk18</name>
    <type>s32</type>
    <default>0</default>
  </entry>
  <entry>
    <name>Group 1: Unk1C</name>
    <type>u8</type>
    <default>0</default>
  </entry>
  <entry>
    <name>Group 1: Unk1D</name>
    <type>u8</type>
    <default>0</default>
  </entry>
  <entry>
    <name>Group 1: Unk1E</name>
    <type>u8</type>
    <default>0</default>
  </entry>
  <entry>
    <name>Group 1: Unk1F</name>
    <type>u8</type>
    <default>0</default>
  </entry>
  <entry>
    <name>Group 1: Enemy Damage ID</name>
    <type>s32</type>
    <default>0</default>
  </entry>
  <entry>
    <name>Group 1: Unk24</name>
    <type>s32</type>
    <default>0</default>
  </entry>
  <entry>
    <name>Group 1: Unk28</name>
    <type>s32</type>
    <default>0</default>
  </entry>
  <entry>
    <name>Group 1: Unk2C</name>
    <type>f32</type>
    <default>0</default>
  </entry>
  <entry>
    <name>Group 1: Unk30</name>
    <type>f32</type>
    <default>0</default>
  </entry>
  <entry>
    <name>Group 1: Unk34</name>
    <type>f32</type>
    <default>0</default>
  </entry>
  <entry>
    <name>Group 1: Unk38</name>
    <type>f32</type>
    <default>0</default>
  </entry>
  <entry>
    <name>Group 1: Unk3C</name>
    <type>f32</type>
    <default>0</default>
  </entry>
  <entry>
    <name>Group 1: Unk40</name>
    <type>f32</type>
    <default>0</default>
  </entry>
  <entry>
    <name>Group 1: Unk44</name>
    <type>f32</type>
    <default>0</default>
  </entry>
  <entry>
    <name>Group 1: Unk48</name>
    <type>f32</type>
    <default>0</default>
  </entry>
  <entry>
    <name>Group 1: Unk4C</name>
    <type>s32</type>
    <default>0</default>
  </entry>
  <entry>
    <name>Group 1: Unk50</name>
    <type>f32</type>
    <default>0</default>
  </entry>
  <entry>
    <name>Group 1: Unk54</name>
    <type>f32</type>
    <default>0</default>
  </entry>
    <entry>
    <name>Group 2: Enemy Damage ID 0</name>
    <type>s32</type>
    <default>0</default>
  </entry>
  <entry>
    <name>Group 2: Enemy Damage ID 1</name>
    <type>s32</type>
    <default>0</default>
  </entry>
  <entry>
    <name>Group 2: Enemy Damage ID 2</name>
    <type>s32</type>
    <default>0</default>
  </entry>
  <entry>
    <name>Group 2: Enemy Damage ID 3</name>
    <type>s32</type>
    <default>0</default>
  </entry>
  <entry>
    <name>Group 2: Enemy Damage ID 4</name>
    <type>s32</type>
    <default>0</default>
  </entry>
  <entry>
    <name>Group 2: Enemy Damage ID 5</name>
    <type>s32</type>
    <default>0</default>
  </entry>
  <entry>
    <name>Group 2: Unk18</name>
    <type>s32</type>
    <default>0</default>
  </entry>
  <entry>
    <name>Group 2: Unk1C</name>
    <type>u8</type>
    <default>0</default>
  </entry>
  <entry>
    <name>Group 2: Unk1D</name>
    <type>u8</type>
    <default>0</default>
  </entry>
  <entry>
    <name>Group 2: Unk1E</name>
    <type>u8</type>
    <default>0</default>
  </entry>
  <entry>
    <name>Group 2: Unk1F</name>
    <type>u8</type>
    <default>0</default>
  </entry>
  <entry>
    <name>Group 2: Enemy Damage ID</name>
    <type>s32</type>
    <default>0</default>
  </entry>
  <entry>
    <name>Group 2: Unk24</name>
    <type>s32</type>
    <default>0</default>
  </entry>
  <entry>
    <name>Group 2: Unk28</name>
    <type>s32</type>
    <default>0</default>
  </entry>
  <entry>
    <name>Group 2: Unk2C</name>
    <type>f32</type>
    <default>0</default>
  </entry>
  <entry>
    <name>Group 2: Unk30</name>
    <type>f32</type>
    <default>0</default>
  </entry>
  <entry>
    <name>Group 2: Unk34</name>
    <type>f32</type>
    <default>0</default>
  </entry>
  <entry>
    <name>Group 2: Unk38</name>
    <type>f32</type>
    <default>0</default>
  </entry>
  <entry>
    <name>Group 2: Unk3C</name>
    <type>f32</type>
    <default>0</default>
  </entry>
  <entry>
    <name>Group 2: Unk40</name>
    <type>f32</type>
    <default>0</default>
  </entry>
  <entry>
    <name>Group 2: Unk44</name>
    <type>f32</type>
    <default>0</default>
  </entry>
  <entry>
    <name>Group 2: Unk48</name>
    <type>f32</type>
    <default>0</default>
  </entry>
  <entry>
    <name>Group 2: Unk4C</name>
    <type>s32</type>
    <default>0</default>
  </entry>
  <entry>
    <name>Group 2: Unk50</name>
    <type>f32</type>
    <default>0</default>
  </entry>
  <entry>
    <name>Group 2: Unk54</name>
    <type>f32</type>
    <default>0</default>
  </entry>
    <entry>
    <name>Group 3: Enemy Damage ID 0</name>
    <type>s32</type>
    <default>0</default>
  </entry>
  <entry>
    <name>Group 3: Enemy Damage ID 1</name>
    <type>s32</type>
    <default>0</default>
  </entry>
  <entry>
    <name>Group 3: Enemy Damage ID 2</name>
    <type>s32</type>
    <default>0</default>
  </entry>
  <entry>
    <name>Group 3: Enemy Damage ID 3</name>
    <type>s32</type>
    <default>0</default>
  </entry>
  <entry>
    <name>Group 3: Enemy Damage ID 4</name>
    <type>s32</type>
    <default>0</default>
  </entry>
  <entry>
    <name>Group 3: Enemy Damage ID 5</name>
    <type>s32</type>
    <default>0</default>
  </entry>
  <entry>
    <name>Group 3: Unk18</name>
    <type>s32</type>
    <default>0</default>
  </entry>
  <entry>
    <name>Group 3: Unk1C</name>
    <type>u8</type>
    <default>0</default>
  </entry>
  <entry>
    <name>Group 3: Unk1D</name>
    <type>u8</type>
    <default>0</default>
  </entry>
  <entry>
    <name>Group 3: Unk1E</name>
    <type>u8</type>
    <default>0</default>
  </entry>
  <entry>
    <name>Group 3: Unk1F</name>
    <type>u8</type>
    <default>0</default>
  </entry>
  <entry>
    <name>Group 3: Enemy Damage ID</name>
    <type>s32</type>
    <default>0</default>
  </entry>
  <entry>
    <name>Group 3: Unk24</name>
    <type>s32</type>
    <default>0</default>
  </entry>
  <entry>
    <name>Group 3: Unk28</name>
    <type>s32</type>
    <default>0</default>
  </entry>
  <entry>
    <name>Group 3: Unk2C</name>
    <type>f32</type>
    <default>0</default>
  </entry>
  <entry>
    <name>Group 3: Unk30</name>
    <type>f32</type>
    <default>0</default>
  </entry>
  <entry>
    <name>Group 3: Unk34</name>
    <type>f32</type>
    <default>0</default>
  </entry>
  <entry>
    <name>Group 3: Unk38</name>
    <type>f32</type>
    <default>0</default>
  </entry>
  <entry>
    <name>Group 3: Unk3C</name>
    <type>f32</type>
    <default>0</default>
  </entry>
  <entry>
    <name>Group 3: Unk40</name>
    <type>f32</type>
    <default>0</default>
  </entry>
  <entry>
    <name>Group 3: Unk44</name>
    <type>f32</type>
    <default>0</default>
  </entry>
  <entry>
    <name>Group 3: Unk48</name>
    <type>f32</type>
    <default>0</default>
  </entry>
  <entry>
    <name>Group 3: Unk4C</name>
    <type>s32</type>
    <default>0</default>
  </entry>
  <entry>
    <name>Group 3: Unk50</name>
    <type>f32</type>
    <default>0</default>
  </entry>
  <entry>
    <name>Group 3: Unk54</name>
    <type>f32</type>
    <default>0</default>
  </entry>
    <entry>
    <name>Group 4: Enemy Damage ID 0</name>
    <type>s32</type>
    <default>0</default>
  </entry>
  <entry>
    <name>Group 4: Enemy Damage ID 1</name>
    <type>s32</type>
    <default>0</default>
  </entry>
  <entry>
    <name>Group 4: Enemy Damage ID 2</name>
    <type>s32</type>
    <default>0</default>
  </entry>
  <entry>
    <name>Group 4: Enemy Damage ID 3</name>
    <type>s32</type>
    <default>0</default>
  </entry>
  <entry>
    <name>Group 4: Enemy Damage ID 4</name>
    <type>s32</type>
    <default>0</default>
  </entry>
  <entry>
    <name>Group 4: Enemy Damage ID 5</name>
    <type>s32</type>
    <default>0</default>
  </entry>
  <entry>
    <name>Group 4: Unk18</name>
    <type>s32</type>
    <default>0</default>
  </entry>
  <entry>
    <name>Group 4: Unk1C</name>
    <type>u8</type>
    <default>0</default>
  </entry>
  <entry>
    <name>Group 4: Unk1D</name>
    <type>u8</type>
    <default>0</default>
  </entry>
  <entry>
    <name>Group 4: Unk1E</name>
    <type>u8</type>
    <default>0</default>
  </entry>
  <entry>
    <name>Group 4: Unk1F</name>
    <type>u8</type>
    <default>0</default>
  </entry>
  <entry>
    <name>Group 4: Enemy Damage ID</name>
    <type>s32</type>
    <default>0</default>
  </entry>
  <entry>
    <name>Group 4: Unk24</name>
    <type>s32</type>
    <default>0</default>
  </entry>
  <entry>
    <name>Group 4: Unk28</name>
    <type>s32</type>
    <default>0</default>
  </entry>
  <entry>
    <name>Group 4: Unk2C</name>
    <type>f32</type>
    <default>0</default>
  </entry>
  <entry>
    <name>Group 4: Unk30</name>
    <type>f32</type>
    <default>0</default>
  </entry>
  <entry>
    <name>Group 4: Unk34</name>
    <type>f32</type>
    <default>0</default>
  </entry>
  <entry>
    <name>Group 4: Unk38</name>
    <type>f32</type>
    <default>0</default>
  </entry>
  <entry>
    <name>Group 4: Unk3C</name>
    <type>f32</type>
    <default>0</default>
  </entry>
  <entry>
    <name>Group 4: Unk40</name>
    <type>f32</type>
    <default>0</default>
  </entry>
  <entry>
    <name>Group 4: Unk44</name>
    <type>f32</type>
    <default>0</default>
  </entry>
  <entry>
    <name>Group 4: Unk48</name>
    <type>f32</type>
    <default>0</default>
  </entry>
  <entry>
    <name>Group 4: Unk4C</name>
    <type>s32</type>
    <default>0</default>
  </entry>
  <entry>
    <name>Group 4: Unk50</name>
    <type>f32</type>
    <default>0</default>
  </entry>
  <entry>
    <name>Group 4: Unk54</name>
    <type>f32</type>
    <default>0</default>
  </entry>
    <entry>
    <name>Group 5: Enemy Damage ID 0</name>
    <type>s32</type>
    <default>0</default>
  </entry>
  <entry>
    <name>Group 5: Enemy Damage ID 1</name>
    <type>s32</type>
    <default>0</default>
  </entry>
  <entry>
    <name>Group 5: Enemy Damage ID 2</name>
    <type>s32</type>
    <default>0</default>
  </entry>
  <entry>
    <name>Group 5: Enemy Damage ID 3</name>
    <type>s32</type>
    <default>0</default>
  </entry>
  <entry>
    <name>Group 5: Enemy Damage ID 4</name>
    <type>s32</type>
    <default>0</default>
  </entry>
  <entry>
    <name>Group 5: Enemy Damage ID 5</name>
    <type>s32</type>
    <default>0</default>
  </entry>
  <entry>
    <name>Group 5: Unk18</name>
    <type>s32</type>
    <default>0</default>
  </entry>
  <entry>
    <name>Group 5: Unk1C</name>
    <type>u8</type>
    <default>0</default>
  </entry>
  <entry>
    <name>Group 5: Unk1D</name>
    <type>u8</type>
    <default>0</default>
  </entry>
  <entry>
    <name>Group 5: Unk1E</name>
    <type>u8</type>
    <default>0</default>
  </entry>
  <entry>
    <name>Group 5: Unk1F</name>
    <type>u8</type>
    <default>0</default>
  </entry>
  <entry>
    <name>Group 5: Enemy Damage ID</name>
    <type>s32</type>
    <default>0</default>
  </entry>
  <entry>
    <name>Group 5: Unk24</name>
    <type>s32</type>
    <default>0</default>
  </entry>
  <entry>
    <name>Group 5: Unk28</name>
    <type>s32</type>
    <default>0</default>
  </entry>
  <entry>
    <name>Group 5: Unk2C</name>
    <type>f32</type>
    <default>0</default>
  </entry>
  <entry>
    <name>Group 5: Unk30</name>
    <type>f32</type>
    <default>0</default>
  </entry>
  <entry>
    <name>Group 5: Unk34</name>
    <type>f32</type>
    <default>0</default>
  </entry>
  <entry>
    <name>Group 5: Unk38</name>
    <type>f32</type>
    <default>0</default>
  </entry>
  <entry>
    <name>Group 5: Unk3C</name>
    <type>f32</type>
    <default>0</default>
  </entry>
  <entry>
    <name>Group 5: Unk40</name>
    <type>f32</type>
    <default>0</default>
  </entry>
  <entry>
    <name>Group 5: Unk44</name>
    <type>f32</type>
    <default>0</default>
  </entry>
  <entry>
    <name>Group 5: Unk48</name>
    <type>f32</type>
    <default>0</default>
  </entry>
  <entry>
    <name>Group 5: Unk4C</name>
    <type>s32</type>
    <default>0</default>
  </entry>
  <entry>
    <name>Group 5: Unk50</name>
    <type>f32</type>
    <default>0</default>
  </entry>
  <entry>
    <name>Group 5: Unk54</name>
    <type>f32</type>
    <default>0</default>
  </entry>
    <entry>
    <name>Group 6: Enemy Damage ID 0</name>
    <type>s32</type>
    <default>0</default>
  </entry>
  <entry>
    <name>Group 6: Enemy Damage ID 1</name>
    <type>s32</type>
    <default>0</default>
  </entry>
  <entry>
    <name>Group 6: Enemy Damage ID 2</name>
    <type>s32</type>
    <default>0</default>
  </entry>
  <entry>
    <name>Group 6: Enemy Damage ID 3</name>
    <type>s32</type>
    <default>0</default>
  </entry>
  <entry>
    <name>Group 6: Enemy Damage ID 4</name>
    <type>s32</type>
    <default>0</default>
  </entry>
  <entry>
    <name>Group 6: Enemy Damage ID 5</name>
    <type>s32</type>
    <default>0</default>
  </entry>
  <entry>
    <name>Group 6: Unk18</name>
    <type>s32</type>
    <default>0</default>
  </entry>
  <entry>
    <name>Group 6: Unk1C</name>
    <type>u8</type>
    <default>0</default>
  </entry>
  <entry>
    <name>Group 6: Unk1D</name>
    <type>u8</type>
    <default>0</default>
  </entry>
  <entry>
    <name>Group 6: Unk1E</name>
    <type>u8</type>
    <default>0</default>
  </entry>
  <entry>
    <name>Group 6: Unk1F</name>
    <type>u8</type>
    <default>0</default>
  </entry>
  <entry>
    <name>Group 6: Enemy Damage ID</name>
    <type>s32</type>
    <default>0</default>
  </entry>
  <entry>
    <name>Group 6: Unk24</name>
    <type>s32</type>
    <default>0</default>
  </entry>
  <entry>
    <name>Group 6: Unk28</name>
    <type>s32</type>
    <default>0</default>
  </entry>
  <entry>
    <name>Group 6: Unk2C</name>
    <type>f32</type>
    <default>0</default>
  </entry>
  <entry>
    <name>Group 6: Unk30</name>
    <type>f32</type>
    <default>0</default>
  </entry>
  <entry>
    <name>Group 6: Unk34</name>
    <type>f32</type>
    <default>0</default>
  </entry>
  <entry>
    <name>Group 6: Unk38</name>
    <type>f32</type>
    <default>0</default>
  </entry>
  <entry>
    <name>Group 6: Unk3C</name>
    <type>f32</type>
    <default>0</default>
  </entry>
  <entry>
    <name>Group 6: Unk40</name>
    <type>f32</type>
    <default>0</default>
  </entry>
  <entry>
    <name>Group 6: Unk44</name>
    <type>f32</type>
    <default>0</default>
  </entry>
  <entry>
    <name>Group 6: Unk48</name>
    <type>f32</type>
    <default>0</default>
  </entry>
  <entry>
    <name>Group 6: Unk4C</name>
    <type>s32</type>
    <default>0</default>
  </entry>
  <entry>
    <name>Group 6: Unk50</name>
    <type>f32</type>
    <default>0</default>
  </entry>
  <entry>
    <name>Group 6: Unk54</name>
    <type>f32</type>
    <default>0</default>
  </entry>
    <entry>
    <name>Group 7: Enemy Damage ID 0</name>
    <type>s32</type>
    <default>0</default>
  </entry>
  <entry>
    <name>Group 7: Enemy Damage ID 1</name>
    <type>s32</type>
    <default>0</default>
  </entry>
  <entry>
    <name>Group 7: Enemy Damage ID 2</name>
    <type>s32</type>
    <default>0</default>
  </entry>
  <entry>
    <name>Group 7: Enemy Damage ID 3</name>
    <type>s32</type>
    <default>0</default>
  </entry>
  <entry>
    <name>Group 7: Enemy Damage ID 4</name>
    <type>s32</type>
    <default>0</default>
  </entry>
  <entry>
    <name>Group 7: Enemy Damage ID 5</name>
    <type>s32</type>
    <default>0</default>
  </entry>
  <entry>
    <name>Group 7: Unk18</name>
    <type>s32</type>
    <default>0</default>
  </entry>
  <entry>
    <name>Group 7: Unk1C</name>
    <type>u8</type>
    <default>0</default>
  </entry>
  <entry>
    <name>Group 7: Unk1D</name>
    <type>u8</type>
    <default>0</default>
  </entry>
  <entry>
    <name>Group 7: Unk1E</name>
    <type>u8</type>
    <default>0</default>
  </entry>
  <entry>
    <name>Group 7: Unk1F</name>
    <type>u8</type>
    <default>0</default>
  </entry>
  <entry>
    <name>Group 7: Enemy Damage ID</name>
    <type>s32</type>
    <default>0</default>
  </entry>
  <entry>
    <name>Group 7: Unk24</name>
    <type>s32</type>
    <default>0</default>
  </entry>
  <entry>
    <name>Group 7: Unk28</name>
    <type>s32</type>
    <default>0</default>
  </entry>
  <entry>
    <name>Group 7: Unk2C</name>
    <type>f32</type>
    <default>0</default>
  </entry>
  <entry>
    <name>Group 7: Unk30</name>
    <type>f32</type>
    <default>0</default>
  </entry>
  <entry>
    <name>Group 7: Unk34</name>
    <type>f32</type>
    <default>0</default>
  </entry>
  <entry>
    <name>Group 7: Unk38</name>
    <type>f32</type>
    <default>0</default>
  </entry>
  <entry>
    <name>Group 7: Unk3C</name>
    <type>f32</type>
    <default>0</default>
  </entry>
  <entry>
    <name>Group 7: Unk40</name>
    <type>f32</type>
    <default>0</default>
  </entry>
  <entry>
    <name>Group 7: Unk44</name>
    <type>f32</type>
    <default>0</default>
  </entry>
  <entry>
    <name>Group 7: Unk48</name>
    <type>f32</type>
    <default>0</default>
  </entry>
  <entry>
    <name>Group 7: Unk4C</name>
    <type>s32</type>
    <default>0</default>
  </entry>
  <entry>
    <name>Group 7: Unk50</name>
    <type>f32</type>
    <default>0</default>
  </entry>
  <entry>
    <name>Group 7: Unk54</name>
    <type>f32</type>
    <default>0</default>
  </entry>
    <entry>
    <name>Group 8: Enemy Damage ID 0</name>
    <type>s32</type>
    <default>0</default>
  </entry>
  <entry>
    <name>Group 8: Enemy Damage ID 1</name>
    <type>s32</type>
    <default>0</default>
  </entry>
  <entry>
    <name>Group 8: Enemy Damage ID 2</name>
    <type>s32</type>
    <default>0</default>
  </entry>
  <entry>
    <name>Group 8: Enemy Damage ID 3</name>
    <type>s32</type>
    <default>0</default>
  </entry>
  <entry>
    <name>Group 8: Enemy Damage ID 4</name>
    <type>s32</type>
    <default>0</default>
  </entry>
  <entry>
    <name>Group 8: Enemy Damage ID 5</name>
    <type>s32</type>
    <default>0</default>
  </entry>
  <entry>
    <name>Group 8: Unk18</name>
    <type>s32</type>
    <default>0</default>
  </entry>
  <entry>
    <name>Group 8: Unk1C</name>
    <type>u8</type>
    <default>0</default>
  </entry>
  <entry>
    <name>Group 8: Unk1D</name>
    <type>u8</type>
    <default>0</default>
  </entry>
  <entry>
    <name>Group 8: Unk1E</name>
    <type>u8</type>
    <default>0</default>
  </entry>
  <entry>
    <name>Group 8: Unk1F</name>
    <type>u8</type>
    <default>0</default>
  </entry>
  <entry>
    <name>Group 8: Enemy Damage ID</name>
    <type>s32</type>
    <default>0</default>
  </entry>
  <entry>
    <name>Group 8: Unk24</name>
    <type>s32</type>
    <default>0</default>
  </entry>
  <entry>
    <name>Group 8: Unk28</name>
    <type>s32</type>
    <default>0</default>
  </entry>
  <entry>
    <name>Group 8: Unk2C</name>
    <type>f32</type>
    <default>0</default>
  </entry>
  <entry>
    <name>Group 8: Unk30</name>
    <type>f32</type>
    <default>0</default>
  </entry>
  <entry>
    <name>Group 8: Unk34</name>
    <type>f32</type>
    <default>0</default>
  </entry>
  <entry>
    <name>Group 8: Unk38</name>
    <type>f32</type>
    <default>0</default>
  </entry>
  <entry>
    <name>Group 8: Unk3C</name>
    <type>f32</type>
    <default>0</default>
  </entry>
  <entry>
    <name>Group 8: Unk40</name>
    <type>f32</type>
    <default>0</default>
  </entry>
  <entry>
    <name>Group 8: Unk44</name>
    <type>f32</type>
    <default>0</default>
  </entry>
  <entry>
    <name>Group 8: Unk48</name>
    <type>f32</type>
    <default>0</default>
  </entry>
  <entry>
    <name>Group 8: Unk4C</name>
    <type>s32</type>
    <default>0</default>
  </entry>
  <entry>
    <name>Group 8: Unk50</name>
    <type>f32</type>
    <default>0</default>
  </entry>
  <entry>
    <name>Group 8: Unk54</name>
    <type>f32</type>
    <default>0</default>
  </entry>
    <entry>
    <name>Group 9: Enemy Damage ID 0</name>
    <type>s32</type>
    <default>0</default>
  </entry>
  <entry>
    <name>Group 9: Enemy Damage ID 1</name>
    <type>s32</type>
    <default>0</default>
  </entry>
  <entry>
    <name>Group 9: Enemy Damage ID 2</name>
    <type>s32</type>
    <default>0</default>
  </entry>
  <entry>
    <name>Group 9: Enemy Damage ID 3</name>
    <type>s32</type>
    <default>0</default>
  </entry>
  <entry>
    <name>Group 9: Enemy Damage ID 4</name>
    <type>s32</type>
    <default>0</default>
  </entry>
  <entry>
    <name>Group 9: Enemy Damage ID 5</name>
    <type>s32</type>
    <default>0</default>
  </entry>
  <entry>
    <name>Group 9: Unk18</name>
    <type>s32</type>
    <default>0</default>
  </entry>
  <entry>
    <name>Group 9: Unk1C</name>
    <type>u8</type>
    <default>0</default>
  </entry>
  <entry>
    <name>Group 9: Unk1D</name>
    <type>u8</type>
    <default>0</default>
  </entry>
  <entry>
    <name>Group 9: Unk1E</name>
    <type>u8</type>
    <default>0</default>
  </entry>
  <entry>
    <name>Group 9: Unk1F</name>
    <type>u8</type>
    <default>0</default>
  </entry>
  <entry>
    <name>Group 9: Enemy Damage ID</name>
    <type>s32</type>
    <default>0</default>
  </entry>
  <entry>
    <name>Group 9: Unk24</name>
    <type>s32</type>
    <default>0</default>
  </entry>
  <entry>
    <name>Group 9: Unk28</name>
    <type>s32</type>
    <default>0</default>
  </entry>
  <entry>
    <name>Group 9: Unk2C</name>
    <type>f32</type>
    <default>0</default>
  </entry>
  <entry>
    <name>Group 9: Unk30</name>
    <type>f32</type>
    <default>0</default>
  </entry>
  <entry>
    <name>Group 9: Unk34</name>
    <type>f32</type>
    <default>0</default>
  </entry>
  <entry>
    <name>Group 9: Unk38</name>
    <type>f32</type>
    <default>0</default>
  </entry>
  <entry>
    <name>Group 9: Unk3C</name>
    <type>f32</type>
    <default>0</default>
  </entry>
  <entry>
    <name>Group 9: Unk40</name>
    <type>f32</type>
    <default>0</default>
  </entry>
  <entry>
    <name>Group 9: Unk44</name>
    <type>f32</type>
    <default>0</default>
  </entry>
  <entry>
    <name>Group 9: Unk48</name>
    <type>f32</type>
    <default>0</default>
  </entry>
  <entry>
    <name>Group 9: Unk4C</name>
    <type>s32</type>
    <default>0</default>
  </entry>
  <entry>
    <name>Group 9: Unk50</name>
    <type>f32</type>
    <default>0</default>
  </entry>
  <entry>
    <name>Group 9: Unk54</name>
    <type>f32</type>
    <default>0</default>
  </entry>
    <entry>
    <name>Group 10: Enemy Damage ID 0</name>
    <type>s32</type>
    <default>0</default>
  </entry>
  <entry>
    <name>Group 10: Enemy Damage ID 1</name>
    <type>s32</type>
    <default>0</default>
  </entry>
  <entry>
    <name>Group 10: Enemy Damage ID 2</name>
    <type>s32</type>
    <default>0</default>
  </entry>
  <entry>
    <name>Group 10: Enemy Damage ID 3</name>
    <type>s32</type>
    <default>0</default>
  </entry>
  <entry>
    <name>Group 10: Enemy Damage ID 4</name>
    <type>s32</type>
    <default>0</default>
  </entry>
  <entry>
    <name>Group 10: Enemy Damage ID 5</name>
    <type>s32</type>
    <default>0</default>
  </entry>
  <entry>
    <name>Group 10: Unk18</name>
    <type>s32</type>
    <default>0</default>
  </entry>
  <entry>
    <name>Group 10: Unk1C</name>
    <type>u8</type>
    <default>0</default>
  </entry>
  <entry>
    <name>Group 10: Unk1D</name>
    <type>u8</type>
    <default>0</default>
  </entry>
  <entry>
    <name>Group 10: Unk1E</name>
    <type>u8</type>
    <default>0</default>
  </entry>
  <entry>
    <name>Group 10: Unk1F</name>
    <type>u8</type>
    <default>0</default>
  </entry>
  <entry>
    <name>Group 10: Enemy Damage ID</name>
    <type>s32</type>
    <default>0</default>
  </entry>
  <entry>
    <name>Group 10: Unk24</name>
    <type>s32</type>
    <default>0</default>
  </entry>
  <entry>
    <name>Group 10: Unk28</name>
    <type>s32</type>
    <default>0</default>
  </entry>
  <entry>
    <name>Group 10: Unk2C</name>
    <type>f32</type>
    <default>0</default>
  </entry>
  <entry>
    <name>Group 10: Unk30</name>
    <type>f32</type>
    <default>0</default>
  </entry>
  <entry>
    <name>Group 10: Unk34</name>
    <type>f32</type>
    <default>0</default>
  </entry>
  <entry>
    <name>Group 10: Unk38</name>
    <type>f32</type>
    <default>0</default>
  </entry>
  <entry>
    <name>Group 10: Unk3C</name>
    <type>f32</type>
    <default>0</default>
  </entry>
  <entry>
    <name>Group 10: Unk40</name>
    <type>f32</type>
    <default>0</default>
  </entry>
  <entry>
    <name>Group 10: Unk44</name>
    <type>f32</type>
    <default>0</default>
  </entry>
  <entry>
    <name>Group 10: Unk48</name>
    <type>f32</type>
    <default>0</default>
  </entry>
  <entry>
    <name>Group 10: Unk4C</name>
    <type>s32</type>
    <default>0</default>
  </entry>
  <entry>
    <name>Group 10: Unk50</name>
    <type>f32</type>
    <default>0</default>
  </entry>
  <entry>
    <name>Group 10: Unk54</name>
    <type>f32</type>
    <default>0</default>
  </entry>
</layout>