<?xml version="1.0" encoding="utf-8"?>
<layout>
  <entry>
    <name>Souls</name>
    <type>u32</type>
    <default>0</default>
  </entry>
  <entry>
    <name>Unk04</name>
    <type>s32</type>
    <default>0</default>
  </entry>
  <entry>
    <name>Unk08</name>
    <type>s32</type>
    <default>0</default>
  </entry>
  <entry>
    <name>Unk0C</name>
    <type>s32</type>
    <default>0</default>
  </entry>
  <entry>
    <name>Unk10</name>
    <type>s32</type>
    <default>0</default>
  </entry>
  <entry>
    <name>Unk14</name>
    <type>s32</type>
    <default>0</default>
  </entry>
  <entry>
    <name>Unk18</name>
    <type>s32</type>
    <default>0</default>
  </entry>
  <entry>
    <name>Unk1C</name>
    <type>s32</type>
    <default>0</default>
  </entry>
  <entry>
    <name>Unk20</name>
    <type>s32</type>
    <default>0</default>
  </entry>
  <entry>
    <name>Unk24</name>
    <type>u8</type>
    <default>0</default>
  </entry>
  <entry>
    <name>Unk25</name>
    <type>u8</type>
    <default>0</default>
  </entry>
  <entry>
    <name>Unk26</name>
    <type>u8</type>
    <default>0</default>
  </entry>
  <entry>
    <name>Unk27</name>
    <type>u8</type>
    <default>0</default>
  </entry>
  <entry>
    <name>Unk28</name>
    <type>u8</type>
    <default>0</default>
  </entry>
  <entry>
    <name>Unk29</name>
    <type>u8</type>
    <default>0</default>
  </entry>
  <entry>
    <name>Unk2A</name>
    <type>u8</type>
    <default>0</default>
  </entry>
  <entry>
    <name>Unk2B</name>
    <type>u8</type>
    <default>0</default>
  </entry>
  <entry>
    <name>Unk2C</name>
    <type>s32</type>
    <default>0</default>
  </entry>
  <entry>
    <name>Unk30</name>
    <type>s32</type>
    <default>0</default>
  </entry>
  <entry>
    <name>Unk34</name>
    <type>s32</type>
    <default>0</default>
  </entry>
  <entry>
    <name>Unk38</name>
    <type>f32</type>
    <default>0</default>
  </entry>
  <entry>
    <name>Corresponding Bonfire ID</name>
    <type>s32</type>
    <default>0</default>
  </entry>
  <entry>
    <name>Unk40</name>
    <type>f32</type>
    <default>0</default>
  </entry>
</layout>
