﻿<?xml version="1.0" encoding="utf-8"?>
<layout>
  <entry>
    <name>Effect ID</name>
    <type>s32</type>
    <default>0</default>
  </entry>
  <entry>
    <name>Spawn Location</name>
    <type>u8</type>
    <default>0</default>
  </entry>
  <entry>
    <name>Spawn Flag</name>
    <type>u8</type>
    <default>0</default>
  </entry>
  <entry>
    <name>Is Visible Online</name>
    <type>u8</type>
    <default>0</default>
  </entry>
  <entry>
    <name>Spawn Flag</name>
    <type>u8</type>
    <default>0</default>
  </entry>
  <entry>
    <name>Upward Spawn Distance</name>
    <type>f32</type>
    <default>0</default>
  </entry>
  <entry>
    <name>Unk Spawn Distance</name>
    <type>f32</type>
    <default>0</default>
  </entry>
  <entry>
    <name>Forward Spawn Distance</name>
    <type>f32</type>
    <default>0</default>
  </entry>
  <entry>
    <name>Shooter Horizontal Angle</name>
    <type>f32</type>
    <default>0</default>
  </entry>
  <entry>
    <name>Shooter Unk Angle</name>
    <type>f32</type>
    <default>0</default>
  </entry>
  <entry>
    <name>Shooter Vertical Angle</name>
    <type>f32</type>
    <default>0</default>
  </entry>
  <entry>
    <name>Shooter Unk Angle</name>
    <type>f32</type>
    <default>0</default>
  </entry>
  <entry>
    <name>Unk24</name>
    <type>u8</type>
    <default>0</default>
  </entry>
  <entry>
    <name>Unk25</name>
    <type>u8</type>
    <default>0</default>
  </entry>
  <entry>
    <name>Unk26</name>
    <type>u8</type>
    <default>0</default>
  </entry>
  <entry>
    <name>Unk27</name>
    <type>u8</type>
    <default>0</default>
  </entry>
  <entry>
    <name>Unk28</name>
    <type>u8</type>
    <default>0</default>
  </entry>
  <entry>
    <name>Unk29</name>
    <type>u8</type>
    <default>0</default>
  </entry>
  <entry>
    <name>Vertical Angle Randomizer</name>
    <type>u8</type>
    <default>0</default>
  </entry>
  <entry>
    <name>Horizontal Angle Randomizer</name>
    <type>u8</type>
    <default>0</default>
  </entry>
  <entry>
    <name>Unk2C</name>
    <type>u8</type>
    <default>0</default>
  </entry>
  <entry>
    <name>Unk2D</name>
    <type>u8</type>
    <default>0</default>
  </entry>
  <entry>
    <name>Number to Shoot at Once</name>
    <type>u8</type>
    <default>0</default>
  </entry>
  <entry>
    <name>Number to Shoot sequentially</name>
    <type>u8</type>
    <default>0</default>
  </entry>
  <entry>
    <name>Unk30</name>
    <type>u8</type>
    <default>0</default>
  </entry>
  <entry>
    <name>Unk31</name>
    <type>u8</type>
    <default>0</default>
  </entry>
  <entry>
    <name>Unk32</name>
    <type>u8</type>
    <default>0</default>
  </entry>
  <entry>
    <name>Unk33</name>
    <type>u8</type>
    <default>0</default>
  </entry>
  <entry>
    <name>Unk34</name>
    <type>f32</type>
    <default>0</default>
  </entry>
  <entry>
    <name>Shoot Interval</name>
    <type>f32</type>
    <default>0</default>
  </entry>
  <entry>
    <name>Vertical Spread</name>
    <type>f32</type>
    <default>0</default>
  </entry>
  <entry>
    <name>Horizontal Spread</name>
    <type>f32</type>
    <default>0</default>
  </entry>
  <entry>
    <name>Unk44</name>
    <type>u8</type>
    <default>0</default>
  </entry>
  <entry>
    <name>Unk45</name>
    <type>u8</type>
    <default>0</default>
  </entry>
  <entry>
    <name>Unk46</name>
    <type>u8</type>
    <default>0</default>
  </entry>
  <entry>
    <name>Unk47</name>
    <type>u8</type>
    <default>0</default>
  </entry>
  <entry>
    <name>Max Life</name>
    <type>f32</type>
    <default>0</default>
  </entry>
  <entry>
    <name>Initial Horizontal Velocity</name>
    <type>f32</type>
    <default>0</default>
  </entry>
  <entry>
    <name>Horizontal Acceleration Start Delay</name>
    <type>f32</type>
    <default>0</default>
  </entry>
  <entry>
    <name>Horizontal Target Velocity</name>
    <type>f32</type>
    <default>0</default>
  </entry>
  <entry>
    <name>Horizontal Max Velocity</name>
    <type>f32</type>
    <default>0</default>
  </entry>
  <entry>
    <name>Initial Vertical Velocity</name>
    <type>f32</type>
    <default>0</default>
  </entry>
  <entry>
    <name>Vertical Acceleration Start Delay</name>
    <type>f32</type>
    <default>0</default>
  </entry>
  <entry>
    <name>Vertical Target Velocity</name>
    <type>f32</type>
    <default>0</default>
  </entry>
  <entry>
    <name>Vertical Max Velocity</name>
    <type>f32</type>
    <default>0</default>
  </entry>
  <entry>
    <name>Initial Tangential Vertical Velocity</name>
    <type>f32</type>
    <default>0</default>
  </entry>
  <entry>
    <name>Tangential Vertical Acceleration Start Delay</name>
    <type>f32</type>
    <default>0</default>
  </entry>
  <entry>
    <name>Tangential Vertical Target Velocity</name>
    <type>f32</type>
    <default>0</default>
  </entry>
  <entry>
    <name>Tangential Vertical Max Velocity</name>
    <type>f32</type>
    <default>0</default>
  </entry>
  <entry>
    <name>Initial Tangential Horizontal Velocity</name>
    <type>f32</type>
    <default>0</default>
  </entry>
  <entry>
    <name>Tangential Horizontal Acceleration Start Delay</name>
    <type>f32</type>
    <default>0</default>
  </entry>
  <entry>
    <name>Tangential Horizontal Target Velocity</name>
    <type>f32</type>
    <default>0</default>
  </entry>
  <entry>
    <name>Tangential Horizontal Max Velocity</name>
    <type>f32</type>
    <default>0</default>
  </entry>
  <entry>
    <name>Unk8C</name>
    <type>f32</type>
    <default>0</default>
  </entry>
  <entry>
    <name>Max Angle Change</name>
    <type>f32</type>
    <default>0</default>
  </entry>
  <entry>
    <name>Tracking Max Angle Change</name>
    <type>f32</type>
    <default>0</default>
  </entry>
  <entry>
    <name>Tracking Time</name>
    <type>f32</type>
    <default>0</default>
  </entry>
  <entry>
    <name>Unk9C</name>
    <type>s32</type>
    <default>0</default>
  </entry>
  <entry>
    <name>UnkA0</name>
    <type>s32</type>
    <default>0</default>
  </entry>
  <entry>
    <name>UnkA4</name>
    <type>s32</type>
    <default>0</default>
  </entry>
  <entry>
    <name>UnkA8</name>
    <type>s32</type>
    <default>0</default>
  </entry>
  <entry>
    <name>UnkAC</name>
    <type>s32</type>
    <default>0</default>
  </entry>
  <entry>
    <name>Collision - Character</name>
    <type>u8</type>
    <default>0</default>
  </entry>
  <entry>
    <name>Collision - Wall</name>
    <type>u8</type>
    <default>0</default>
  </entry>
  <entry>
    <name>Collision - Floor / Ceiling</name>
    <type>u8</type>
    <default>0</default>
  </entry>
  <entry>
    <name>Collision - Water</name>
    <type>u8</type>
    <default>0</default>
  </entry>
  <entry>
    <name>Effect on Fire</name>
    <type>s32</type>
    <default>0</default>
  </entry>
  <entry>
    <name>UnkB8</name>
    <type>u8</type>
    <default>0</default>
  </entry>
  <entry>
    <name>UnkB9</name>
    <type>u8</type>
    <default>0</default>
  </entry>
  <entry>
    <name>UnkBA</name>
    <type>u8</type>
    <default>0</default>
  </entry>
  <entry>
    <name>UnkBB</name>
    <type>u8</type>
    <default>0</default>
  </entry>
  <entry>
    <name>Effect on Collision</name>
    <type>s32</type>
    <default>0</default>
  </entry>
  <entry>
    <name>Effect on Death</name>
    <type>s32</type>
    <default>0</default>
  </entry>
  <entry>
    <name>Effect on Death Duration</name>
    <type>f32</type>
    <default>0</default>
  </entry>
  <entry>
    <name>UnkC8</name>
    <type>s32</type>
    <default>0</default>
  </entry>
  <entry>
    <name>Behavior on Collision</name>
    <type>s32</type>
    <default>0</default>
  </entry>
  <entry>
    <name>UnkD0</name>
    <type>s32</type>
    <default>0</default>
  </entry>
  <entry>
    <name>Child Bullet 1 - ID 1</name>
    <type>s32</type>
    <default>0</default>
  </entry>
  <entry>
    <name>Child Bullet 1 - ID 2</name>
    <type>s32</type>
    <default>0</default>
  </entry>
  <entry>
    <name>Child Bullet 2 - ID 1</name>
    <type>s32</type>
    <default>0</default>
  </entry>
  <entry>
    <name>Child Bullet 2 - ID 2</name>
    <type>s32</type>
    <default>0</default>
  </entry>
  <entry>
    <name>Child Bullet 3 - ID 1</name>
    <type>s32</type>
    <default>0</default>
  </entry>
  <entry>
    <name>Child Bullet 3 - ID 2</name>
    <type>s32</type>
    <default>0</default>
  </entry>
  <entry>
    <name>Spawn Child Bullets on Collision</name>
    <type>u8</type>
    <default>0</default>
  </entry>
  <entry>
    <name>Spawn Child Bullets on Timeout</name>
    <type>u8</type>
    <default>0</default>
  </entry>
  <entry>
    <name>Spawn Child Bullets on ?</name>
    <type>u8</type>
    <default>0</default>
  </entry>
  <entry>
    <name>Spawn Child Bullets on Alive</name>
    <type>u8</type>
    <default>0</default>
  </entry>
  <entry>
    <name>UnkF0</name>
    <type>s32</type>
    <default>0</default>
  </entry>
  <entry>
    <name>UnkF4</name>
    <type>s32</type>
    <default>0</default>
  </entry>
  <entry>
    <name>UnkF8</name>
    <type>s32</type>
    <default>0</default>
  </entry>
  <entry>
    <name>UnkFC</name>
    <type>s32</type>
    <default>0</default>
  </entry>
  
  <entry>
    <name>Unk100</name>
    <type>u8</type>
    <default>0</default>
  </entry>
  <entry>
    <name>Unk101</name>
    <type>u8</type>
    <default>0</default>
  </entry>
  <entry>
    <name>Unk102</name>
    <type>u8</type>
    <default>0</default>
  </entry>
  <entry>
    <name>Unk103</name>
    <type>u8</type>
    <default>0</default>
  </entry>
  
  <entry>
    <name>Unk104</name>
    <type>u8</type>
    <default>0</default>
  </entry>
  <entry>
    <name>Unk105</name>
    <type>u8</type>
    <default>0</default>
  </entry>
  <entry>
    <name>Unk106</name>
    <type>u8</type>
    <default>0</default>
  </entry>
  <entry>
    <name>Unk107</name>
    <type>u8</type>
    <default>0</default>
  </entry>
  
  <entry>
    <name>Unk108</name>
    <type>f32</type>
    <default>0</default>
  </entry>
  <entry>
    <name>Unk10C</name>
    <type>f32</type>
    <default>0</default>
  </entry>
  <entry>
    <name>Unk110</name>
    <type>f32</type>
    <default>0</default>
  </entry>
  <entry>
    <name>Unk114</name>
    <type>s32</type>
    <default>0</default>
  </entry>
  <entry>
    <name>Unk118</name>
    <type>s32</type>
    <default>0</default>
  </entry>
  <entry>
    <name>Unk11C</name>
    <type>f32</type>
    <default>0</default>
  </entry>
  <entry>
    <name>Unk120</name>
    <type>f32</type>
    <default>0</default>
  </entry>
  <entry>
    <name>Unk124</name>
    <type>f32</type>
    <default>0</default>
  </entry>
  <entry>
    <name>Child Bullet Spawn Delay</name>
    <type>f32</type>
    <default>0</default>
  </entry>
  <entry>
    <name>Unk12C</name>
    <type>s32</type>
    <default>0</default>
  </entry>
  <entry>
    <name>Unk130</name>
    <type>s32</type>
    <default>0</default>
  </entry>
  <entry>
    <name>Unk134</name>
    <type>s32</type>
    <default>0</default>
  </entry>
  <entry>
    <name>Unk138</name>
    <type>s32</type>
    <default>0</default>
  </entry>
  <entry>
    <name>Unk13C</name>
    <type>s32</type>
    <default>0</default>
  </entry>
</layout>