﻿<?xml version="1.0" encoding="utf-8"?>
<layout>
  <entry>
    <name>Unk00</name>
    <type>u8</type>
    <default>0</default>
  </entry>
  <entry>
    <name>Unk01</name>
    <type>u8</type>
    <default>0</default>
  </entry>
  <entry>
    <name>Unk02</name>
    <type>u8</type>
    <default>0</default>
  </entry>
  <entry>
    <name>Unk03</name>
    <type>u8</type>
    <default>0</default>
  </entry>
  <entry>
    <name>Unk04</name>
    <type>u8</type>
    <default>0</default>
  </entry>
  <entry>
    <name>Unk05</name>
    <type>u8</type>
    <default>0</default>
  </entry>
  <entry>
    <name>Unk06</name>
    <type>u8</type>
    <default>0</default>
  </entry>
  <entry>
    <name>Unk07</name>
    <type>u8</type>
    <default>0</default>
  </entry>
  <entry>
    <name>Unk08</name>
    <type>u8</type>
    <default>0</default>
  </entry>
  <entry>
    <name>Unk09</name>
    <type>u8</type>
    <default>0</default>
  </entry>
  <entry>
    <name>Unk10</name>
    <type>u16</type>
    <default>0</default>
  </entry>
  <entry>
    <name>Unk0C</name>
    <type>f32</type>
    <default>0</default>
  </entry>
  <entry>
    <name>Unk10</name>
    <type>f32</type>
    <default>0</default>
  </entry>
  <entry>
    <name>Unk14</name>
    <type>f32</type>
    <default>0</default>
  </entry>
</layout>
