﻿<?xml version="1.0" encoding="utf-8"?>
<layout>
  <entry>
    <name>Unk00</name>
    <type>s32</type>
    <default>0</default>
  </entry>
  <entry>
    <name>Unk04</name>
    <type>f32</type>
    <default>0</default>
  </entry>
  <entry>
    <name>Unk08</name>
    <type>f32</type>
    <default>0</default>
  </entry>
  <entry>
    <name>Unk0C</name>
    <type>f32</type>
    <default>0</default>
  </entry>
  <entry>
    <name>Unk10</name>
    <type>f32</type>
    <default>0</default>
  </entry>
  <entry>
    <name>Unk14</name>
    <type>f32</type>
    <default>0</default>
  </entry>
  <entry>
    <name>Unk18</name>
    <type>f32</type>
    <default>0</default>
  </entry>
  <entry>
    <name>Unk1C</name>
    <type>f32</type>
    <default>0</default>
  </entry>
  <entry>
    <name>Unk20</name>
    <type>f32</type>
    <default>0</default>
  </entry>
  <entry>
    <name>Unk24</name>
    <type>f32</type>
    <default>0</default>
  </entry>
  <entry>
    <name>Unk28</name>
    <type>f32</type>
    <default>0</default>
  </entry>
  <entry>
    <name>Unk2C</name>
    <type>f32</type>
    <default>0</default>
  </entry>
  <entry>
    <name>Unk30</name>
    <type>f32</type>
    <default>0</default>
  </entry>
  <entry>
    <name>Unk34</name>
    <type>f32</type>
    <default>0</default>
  </entry>
  <entry>
    <name>Unk38</name>
    <type>f32</type>
    <default>0</default>
  </entry>
  <entry>
    <name>Unk3C</name>
    <type>f32</type>
    <default>0</default>
  </entry>
  <entry>
    <name>Unk40</name>
    <type>f32</type>
    <default>0</default>
  </entry>
  <entry>
    <name>Unk44</name>
    <type>f32</type>
    <default>0</default>
  </entry>
  <entry>
    <name>Unk48</name>
    <type>f32</type>
    <default>0</default>
  </entry>
  <entry>
    <name>Unk4C</name>
    <type>f32</type>
    <default>0</default>
  </entry>
  <entry>
    <name>Unk50</name>
    <type>f32</type>
    <default>0</default>
  </entry>
  <entry>
    <name>Unk54</name>
    <type>f32</type>
    <default>0</default>
  </entry>
  <entry>
    <name>Unk58</name>
    <type>f32</type>
    <default>0</default>
  </entry>
  <entry>
    <name>Unk5C</name>
    <type>f32</type>
    <default>0</default>
  </entry>
  <entry>
    <name>Unk60</name>
    <type>f32</type>
    <default>0</default>
  </entry>
  <entry>
    <name>Unk64</name>
    <type>f32</type>
    <default>0</default>
  </entry>
  <entry>
    <name>Unk68</name>
    <type>f32</type>
    <default>0</default>
  </entry>
  <entry>
    <name>Unk6C</name>
    <type>f32</type>
    <default>0</default>
  </entry>
  <entry>
    <name>Unk70</name>
    <type>f32</type>
    <default>0</default>
  </entry>
  <entry>
    <name>Unk74</name>
    <type>f32</type>
    <default>0</default>
  </entry>
  <entry>
    <name>Unk78</name>
    <type>f32</type>
    <default>0</default>
  </entry>
  <entry>
    <name>Unk7C</name>
    <type>f32</type>
    <default>0</default>
  </entry>
  <entry>
    <name>Unk80</name>
    <type>f32</type>
    <default>0</default>
  </entry>
  <entry>
    <name>Unk84</name>
    <type>f32</type>
    <default>0</default>
  </entry>
  <entry>
    <name>Unk88</name>
    <type>f32</type>
    <default>0</default>
  </entry>
  <entry>
    <name>Unk8C</name>
    <type>f32</type>
    <default>0</default>
  </entry>
  <entry>
    <name>Unk90</name>
    <type>f32</type>
    <default>0</default>
  </entry>
  <entry>
    <name>Unk94</name>
    <type>f32</type>
    <default>0</default>
  </entry>
  <entry>
    <name>Unk98</name>
    <type>f32</type>
    <default>0</default>
  </entry>
  <entry>
    <name>Unk9C</name>
    <type>f32</type>
    <default>0</default>
  </entry>
  <entry>
    <name>UnkA0</name>
    <type>f32</type>
    <default>0</default>
  </entry>
  <entry>
    <name>UnkA4</name>
    <type>f32</type>
    <default>0</default>
  </entry>
  <entry>
    <name>UnkA8</name>
    <type>f32</type>
    <default>0</default>
  </entry>
  <entry>
    <name>UnkAC</name>
    <type>f32</type>
    <default>0</default>
  </entry>
  <entry>
    <name>UnkB0</name>
    <type>f32</type>
    <default>0</default>
  </entry>
  <entry>
    <name>UnkB4</name>
    <type>f32</type>
    <default>0</default>
  </entry>
  <entry>
    <name>UnkB8</name>
    <type>f32</type>
    <default>0</default>
  </entry>
  <entry>
    <name>UnkBC</name>
    <type>f32</type>
    <default>0</default>
  </entry>
  <entry>
    <name>UnkC0</name>
    <type>f32</type>
    <default>0</default>
  </entry>
  <entry>
    <name>UnkC4</name>
    <type>f32</type>
    <default>0</default>
  </entry>
  <entry>
    <name>UnkC8</name>
    <type>f32</type>
    <default>0</default>
  </entry>
  <entry>
    <name>UnkCC</name>
    <type>f32</type>
    <default>0</default>
  </entry>
  <entry>
    <name>UnkD0</name>
    <type>f32</type>
    <default>0</default>
  </entry>
  <entry>
    <name>UnkD4</name>
    <type>f32</type>
    <default>0</default>
  </entry>
  <entry>
    <name>UnkD8</name>
    <type>f32</type>
    <default>0</default>
  </entry>
  <entry>
    <name>UnkDC</name>
    <type>f32</type>
    <default>0</default>
  </entry>
  <entry>
    <name>UnkE0</name>
    <type>f32</type>
    <default>0</default>
  </entry>
  <entry>
    <name>UnkE4</name>
    <type>f32</type>
    <default>0</default>
  </entry>
  <entry>
    <name>UnkE8</name>
    <type>f32</type>
    <default>0</default>
  </entry>
  <entry>
    <name>UnkEC</name>
    <type>f32</type>
    <default>0</default>
  </entry>
  <entry>
    <name>UnkF0</name>
    <type>f32</type>
    <default>0</default>
  </entry>
  <entry>
    <name>UnkF4</name>
    <type>f32</type>
    <default>0</default>
  </entry>
  <entry>
    <name>UnkF8</name>
    <type>f32</type>
    <default>0</default>
  </entry>
  <entry>
    <name>UnkFC</name>
    <type>f32</type>
    <default>0</default>
  </entry>
  <entry>
    <name>Unk100</name>
    <type>f32</type>
    <default>0</default>
  </entry>
  <entry>
    <name>Unk104</name>
    <type>f32</type>
    <default>0</default>
  </entry>
  <entry>
    <name>Unk108</name>
    <type>f32</type>
    <default>0</default>
  </entry>
  <entry>
    <name>Unk10C</name>
    <type>f32</type>
    <default>0</default>
  </entry>
  <entry>
    <name>Unk110</name>
    <type>f32</type>
    <default>0</default>
  </entry>
</layout>