﻿<?xml version="1.0" encoding="utf-8"?>
<layout>
  <entry>
    <name>Unk00</name>
    <type>s32</type>
    <default>0</default>
  </entry>
  <entry>
    <name>Unk04</name>
    <type>s32</type>
    <default>0</default>
  </entry>
  <entry>
    <name>Unk08</name>
    <type>f32</type>
    <default>0</default>
  </entry>
  <entry>
    <name>Unk0C</name>
    <type>f32</type>
    <default>0</default>
  </entry>
  <entry>
    <name>Unk10</name>
    <type>f32</type>
    <default>0</default>
  </entry>
  <entry>
    <name>Unk14</name>
    <type>f32</type>
    <default>0</default>
  </entry>
  <entry>
    <name>Unk18</name>
    <type>f32</type>
    <default>0</default>
  </entry>
  <entry>
    <name>Unk1C</name>
    <type>f32</type>
    <default>0</default>
  </entry>
  <entry>
    <name>Unk20</name>
    <type>f32</type>
    <default>0</default>
  </entry>
  <entry>
    <name>Base Action Stamina Consumption (*10)</name>
    <type>f32</type>
    <default>0</default>
  </entry>
  <entry>
    <name>Backstep Stamina Consumption Multiplier</name>
    <type>f32</type>
    <default>0</default>
  </entry>
  <entry>
    <name>Roll Stamina Consumption Multiplier</name>
    <type>f32</type>
    <default>0</default>
  </entry>
  <entry>
    <name>Jump Stamina Consumption Multiplier</name>
    <type>f32</type>
    <default>0</default>
  </entry>
  <entry>
    <name>Unk34</name>
    <type>f32</type>
    <default>0</default>
  </entry>
  <entry>
    <name>Multiple Roll Stamina Consumption Multiplier</name>
    <type>f32</type>
    <default>0</default>
  </entry>
  <entry>
    <name>Unk3C</name>
    <type>f32</type>
    <default>0</default>
  </entry>
  <entry>
    <name>Unk40</name>
    <type>f32</type>
    <default>0</default>
  </entry>
  <entry>
    <name>Unk44</name>
    <type>f32</type>
    <default>0</default>
  </entry>
  <entry>
    <name>Unk48</name>
    <type>f32</type>
    <default>0</default>
  </entry>
  <entry>
    <name>Unk4C</name>
    <type>f32</type>
    <default>0</default>
  </entry>
  <entry>
    <name>Unk50</name>
    <type>f32</type>
    <default>0</default>
  </entry>
  <entry>
    <name>Unk54</name>
    <type>f32</type>
    <default>0</default>
  </entry>
  <entry>
    <name>Unk58</name>
    <type>f32</type>
    <default>0</default>
  </entry>
  <entry>
    <name>Unk5C</name>
    <type>f32</type>
    <default>0</default>
  </entry>
  <entry>
    <name>Unk60</name>
    <type>f32</type>
    <default>0</default>
  </entry>
  <entry>
    <name>Unk64</name>
    <type>f32</type>
    <default>0</default>
  </entry>
  <entry>
    <name>Unk68</name>
    <type>f32</type>
    <default>0</default>
  </entry>
  <entry>
    <name>Unk6C</name>
    <type>f32</type>
    <default>0</default>
  </entry>
  <entry>
    <name>Unk70</name>
    <type>u16</type>
    <default>0</default>
  </entry>
  <entry>
    <name>Unk72</name>
    <type>u16</type>
    <default>0</default>
  </entry>
  <entry>
    <name>Unk74</name>
    <type>f32</type>
    <default>0</default>
  </entry>
  <entry>
    <name>Unk78</name>
    <type>f32</type>
    <default>0</default>
  </entry>
  <entry>
    <name>Unk7C</name>
    <type>f32</type>
    <default>0</default>
  </entry>
  <entry>
    <name>Unk80</name>
    <type>f32</type>
    <default>0</default>
  </entry>
  <entry>
    <name>Unk84</name>
    <type>f32</type>
    <default>0</default>
  </entry>
  <entry>
    <name>Unk88</name>
    <type>s32</type>
    <default>0</default>
  </entry>
  <entry>
    <name>Unk8C</name>
    <type>f32</type>
    <default>0</default>
  </entry>
  <entry>
    <name>Unk90</name>
    <type>f32</type>
    <default>0</default>
  </entry>
  <entry>
    <name>Unk94</name>
    <type>f32</type>
    <default>0</default>
  </entry>
  <entry>
    <name>Unk98</name>
    <type>f32</type>
    <default>0</default>
  </entry>
  <entry>
    <name>Unk9C</name>
    <type>f32</type>
    <default>0</default>
  </entry>
  <entry>
    <name>UnkA0</name>
    <type>f32</type>
    <default>0</default>
  </entry>
  <entry>
    <name>UnkA4</name>
    <type>f32</type>
    <default>0</default>
  </entry>
  <entry>
    <name>UnkA8</name>
    <type>f32</type>
    <default>0</default>
  </entry>
  <entry>
    <name>UnkAC</name>
    <type>f32</type>
    <default>0</default>
  </entry>
  <entry>
    <name>UnkB0</name>
    <type>f32</type>
    <default>0</default>
  </entry>
  <entry>
    <name>UnkB4</name>
    <type>f32</type>
    <default>0</default>
  </entry>
  <entry>
    <name>UnkB8</name>
    <type>f32</type>
    <default>0</default>
  </entry>
  <entry>
    <name>UnkBC</name>
    <type>f32</type>
    <default>0</default>
  </entry>
  <entry>
    <name>UnkC0</name>
    <type>s32</type>
    <default>0</default>
  </entry>
  <entry>
    <name>UnkC4</name>
    <type>f32</type>
    <default>0</default>
  </entry>
  <entry>
    <name>UnkC8</name>
    <type>f32</type>
    <default>0</default>
  </entry>
  <entry>
    <name>UnkCC</name>
    <type>f32</type>
    <default>0</default>
  </entry>
  <entry>
    <name>UnkD0</name>
    <type>f32</type>
    <default>0</default>
  </entry>
  <entry>
    <name>UnkD4</name>
    <type>f32</type>
    <default>0</default>
  </entry>
  <entry>
    <name>UnkD8</name>
    <type>f32</type>
    <default>0</default>
  </entry>
  <entry>
    <name>UnkDC</name>
    <type>f32</type>
    <default>0</default>
  </entry>
  <entry>
    <name>UnkE0</name>
    <type>f32</type>
    <default>0</default>
  </entry>
  <entry>
    <name>UnkE4</name>
    <type>f32</type>
    <default>0</default>
  </entry>
  <entry>
    <name>UnkE8</name>
    <type>f32</type>
    <default>0</default>
  </entry>
  <entry>
    <name>UnkEC</name>
    <type>s32</type>
    <default>0</default>
  </entry>
  <entry>
    <name>UnkF0</name>
    <type>f32</type>
    <default>0</default>
  </entry>
  <entry>
    <name>UnkF4</name>
    <type>f32</type>
    <default>0</default>
  </entry>
  <entry>
    <name>UnkF8</name>
    <type>s32</type>
    <default>0</default>
  </entry>
  <entry>
    <name>UnkFC</name>
    <type>f32</type>
    <default>0</default>
  </entry>
  <entry>
    <name>Unk100</name>
    <type>f32</type>
    <default>0</default>
  </entry>
  <entry>
    <name>Unk104</name>
    <type>f32</type>
    <default>0</default>
  </entry>
  <entry>
    <name>Unk108</name>
    <type>f32</type>
    <default>0</default>
  </entry>
  <entry>
    <name>Unk10C</name>
    <type>f32</type>
    <default>0</default>
  </entry>
  <entry>
    <name>Unk110</name>
    <type>f32</type>
    <default>0</default>
  </entry>
  <entry>
    <name>Unk114</name>
    <type>f32</type>
    <default>0</default>
  </entry>
  <entry>
    <name>Unk118</name>
    <type>f32</type>
    <default>0</default>
  </entry>
  <entry>
    <name>Unk11C</name>
    <type>f32</type>
    <default>0</default>
  </entry>
  <entry>
    <name>Unk120</name>
    <type>f32</type>
    <default>0</default>
  </entry>
  <entry>
    <name>Unk124</name>
    <type>f32</type>
    <default>0</default>
  </entry>
  <entry>
    <name>Unk128</name>
    <type>f32</type>
    <default>0</default>
  </entry>
  <entry>
    <name>Unk12C</name>
    <type>f32</type>
    <default>0</default>
  </entry>
  <entry>
    <name>Unk130</name>
    <type>s32</type>
    <default>0</default>
  </entry>
  <entry>
    <name>Unk134</name>
    <type>f32</type>
    <default>0</default>
  </entry>
  <entry>
    <name>Unk138</name>
    <type>f32</type>
    <default>0</default>
  </entry>
  <entry>
    <name>Unk13C</name>
    <type>f32</type>
    <default>0</default>
  </entry>
  <entry>
    <name>Unk140</name>
    <type>f32</type>
    <default>0</default>
  </entry>
  <entry>
    <name>Unk144</name>
    <type>f32</type>
    <default>0</default>
  </entry>
  <entry>
    <name>Unk148</name>
    <type>f32</type>
    <default>0</default>
  </entry>
  <entry>
    <name>Unk14C</name>
    <type>f32</type>
    <default>0</default>
  </entry>
  <entry>
    <name>Unk150</name>
    <type>f32</type>
    <default>0</default>
  </entry>
  <entry>
    <name>Unk154</name>
    <type>f32</type>
    <default>0</default>
  </entry>
  <entry>
    <name>Unk158</name>
    <type>f32</type>
    <default>0</default>
  </entry>
  <entry>
    <name>Unk15C</name>
    <type>f32</type>
    <default>0</default>
  </entry>
  <entry>
    <name>Unk160</name>
    <type>f32</type>
    <default>0</default>
  </entry>
  <entry>
    <name>Unk164</name>
    <type>f32</type>
    <default>0</default>
  </entry>
  <entry>
    <name>Unk168</name>
    <type>f32</type>
    <default>0</default>
  </entry>
  <entry>
    <name>Unk16C</name>
    <type>f32</type>
    <default>0</default>
  </entry>
  <entry>
    <name>Unk170</name>
    <type>f32</type>
    <default>0</default>
  </entry>
  <entry>
    <name>Unk174</name>
    <type>f32</type>
    <default>0</default>
  </entry>
  <entry>
    <name>Unk178</name>
    <type>f32</type>
    <default>0</default>
  </entry>
  <entry>
    <name>Unk17C</name>
    <type>f32</type>
    <default>0</default>
  </entry>
  <entry>
    <name>Unk180</name>
    <type>f32</type>
    <default>0</default>
  </entry>
  <entry>
    <name>Unk184</name>
    <type>f32</type>
    <default>0</default>
  </entry>
  <entry>
    <name>Unk188</name>
    <type>f32</type>
    <default>0</default>
  </entry>
  <entry>
    <name>Unk18C</name>
    <type>f32</type>
    <default>0</default>
  </entry>
  <entry>
    <name>Unk190</name>
    <type>f32</type>
    <default>0</default>
  </entry>
  <entry>
    <name>Unk194</name>
    <type>f32</type>
    <default>0</default>
  </entry>
  <entry>
    <name>Unk198</name>
    <type>f32</type>
    <default>0</default>
  </entry>
  <entry>
    <name>Unk19C</name>
    <type>f32</type>
    <default>0</default>
  </entry>
  <entry>
    <name>Unk1A0</name>
    <type>f32</type>
    <default>0</default>
  </entry>
  <entry>
    <name>Unk1A4</name>
    <type>s32</type>
    <default>0</default>
  </entry>
  <entry>
    <name>Unk1A8</name>
    <type>f32</type>
    <default>0</default>
  </entry>
  <entry>
    <name>Unk1AC</name>
    <type>f32</type>
    <default>0</default>
  </entry>
  <entry>
    <name>Unk1B0</name>
    <type>f32</type>
    <default>0</default>
  </entry>
  <entry>
    <name>Unk1B4</name>
    <type>f32</type>
    <default>0</default>
  </entry>
  <entry>
    <name>Unk1B8</name>
    <type>f32</type>
    <default>0</default>
  </entry>
  <entry>
    <name>Unk1BC</name>
    <type>f32</type>
    <default>0</default>
  </entry>
  <entry>
    <name>Unk1C0</name>
    <type>f32</type>
    <default>0</default>
  </entry>
  <entry>
    <name>Unk1C4</name>
    <type>f32</type>
    <default>0</default>
  </entry>
  <entry>
    <name>Unk1C8</name>
    <type>f32</type>
    <default>0</default>
  </entry>
  <entry>
    <name>Unk1CC</name>
    <type>f32</type>
    <default>0</default>
  </entry>
  <entry>
    <name>Unk1D0</name>
    <type>f32</type>
    <default>0</default>
  </entry>
  <entry>
    <name>Unk1D4</name>
    <type>f32</type>
    <default>0</default>
  </entry>
  <entry>
    <name>Unk1D8</name>
    <type>f32</type>
    <default>0</default>
  </entry>
  <entry>
    <name>Unk1DC</name>
    <type>f32</type>
    <default>0</default>
  </entry>
  <entry>
    <name>Unk1E0</name>
    <type>f32</type>
    <default>0</default>
  </entry>
  <entry>
    <name>Unk1E4</name>
    <type>f32</type>
    <default>0</default>
  </entry>
  <entry>
    <name>Unk1E8</name>
    <type>f32</type>
    <default>0</default>
  </entry>
  <entry>
    <name>Unk1EC</name>
    <type>f32</type>
    <default>0</default>
  </entry>
  <entry>
    <name>Unk1F0</name>
    <type>f32</type>
    <default>0</default>
  </entry>
  <entry>
    <name>Unk1F4</name>
    <type>f32</type>
    <default>0</default>
  </entry>
  <entry>
    <name>Unk1F8</name>
    <type>f32</type>
    <default>0</default>
  </entry>
  <entry>
    <name>Unk1FC</name>
    <type>f32</type>
    <default>0</default>
  </entry>
  <entry>
    <name>Unk200</name>
    <type>f32</type>
    <default>0</default>
  </entry>
  <entry>
    <name>Unk204</name>
    <type>s32</type>
    <default>0</default>
  </entry>
  <entry>
    <name>Unk208</name>
    <type>s32</type>
    <default>0</default>
  </entry>
  <entry>
    <name>Unk20C</name>
    <type>f32</type>
    <default>0</default>
  </entry>
  <entry>
    <name>Unk210</name>
    <type>f32</type>
    <default>0</default>
  </entry>
  <entry>
    <name>Unk214</name>
    <type>f32</type>
    <default>0</default>
  </entry>
  <entry>
    <name>Unk218</name>
    <type>f32</type>
    <default>0</default>
  </entry>
  <entry>
    <name>Unk21C</name>
    <type>f32</type>
    <default>0</default>
  </entry>
  <entry>
    <name>Unk220</name>
    <type>f32</type>
    <default>0</default>
  </entry>
  <entry>
    <name>Unk224</name>
    <type>f32</type>
    <default>0</default>
  </entry>
  <entry>
    <name>Unk228</name>
    <type>f32</type>
    <default>0</default>
  </entry>
  <entry>
    <name>Unk22C</name>
    <type>s32</type>
    <default>0</default>
  </entry>
  <entry>
    <name>Unk230</name>
    <type>s32</type>
    <default>0</default>
  </entry>
  <entry>
    <name>Unk234</name>
    <type>f32</type>
    <default>0</default>
  </entry>
  <entry>
    <name>Unk238</name>
    <type>f32</type>
    <default>0</default>
  </entry>
  <entry>
    <name>Unk23C</name>
    <type>f32</type>
    <default>0</default>
  </entry>
  <entry>
    <name>Unk240</name>
    <type>f32</type>
    <default>0</default>
  </entry>
  <entry>
    <name>Unk244</name>
    <type>f32</type>
    <default>0</default>
  </entry>
  <entry>
    <name>Unk248</name>
    <type>f32</type>
    <default>0</default>
  </entry>
  <entry>
    <name>Unk24C</name>
    <type>f32</type>
    <default>0</default>
  </entry>
  <entry>
    <name>Unk250</name>
    <type>f32</type>
    <default>0</default>
  </entry>
  <entry>
    <name>Unk254</name>
    <type>s32</type>
    <default>0</default>
  </entry>
  <entry>
    <name>Unk258</name>
    <type>f32</type>
    <default>0</default>
  </entry>
  <entry>
    <name>Unk25C</name>
    <type>f32</type>
    <default>0</default>
  </entry>
  <entry>
    <name>Unk260</name>
    <type>f32</type>
    <default>0</default>
  </entry>
  <entry>
    <name>Unk264</name>
    <type>f32</type>
    <default>0</default>
  </entry>
  <entry>
    <name>Unk268</name>
    <type>f32</type>
    <default>0</default>
  </entry>
  <entry>
    <name>Unk26C</name>
    <type>f32</type>
    <default>0</default>
  </entry>
  <entry>
    <name>Unk270</name>
    <type>f32</type>
    <default>0</default>
  </entry>
  <entry>
    <name>Unk274</name>
    <type>f32</type>
    <default>0</default>
  </entry>
  <entry>
    <name>Unk278</name>
    <type>f32</type>
    <default>0</default>
  </entry>
  <entry>
    <name>Unk27C</name>
    <type>f32</type>
    <default>0</default>
  </entry>
  <entry>
    <name>Unk280</name>
    <type>f32</type>
    <default>0</default>
  </entry>
  <entry>
    <name>Unk284</name>
    <type>s32</type>
    <default>0</default>
  </entry>
  <entry>
    <name>Unk288</name>
    <type>f32</type>
    <default>0</default>
  </entry>
  <entry>
    <name>Unk28C</name>
    <type>f32</type>
    <default>0</default>
  </entry>
  <entry>
    <name>Unk290</name>
    <type>f32</type>
    <default>0</default>
  </entry>
  <entry>
    <name>Unk294</name>
    <type>f32</type>
    <default>0</default>
  </entry>
  <entry>
    <name>Unk298</name>
    <type>s32</type>
    <default>0</default>
  </entry>
  <entry>
    <name>Unk29C</name>
    <type>s32</type>
    <default>0</default>
  </entry>
  <entry>
    <name>Unk2A0</name>
    <type>s32</type>
    <default>0</default>
  </entry>
  <entry>
    <name>Equip Weapon ID</name>
    <type>s32</type>
    <default>0</default>
  </entry>
  <entry>
    <name>Unk2A8</name>
    <type>f32</type>
    <default>0</default>
  </entry>
  <entry>
    <name>Unk2AC</name>
    <type>f32</type>
    <default>0</default>
  </entry>
  <entry>
    <name>Unk2B0</name>
    <type>f32</type>
    <default>0</default>
  </entry>
  <entry>
    <name>Unk2B4</name>
    <type>f32</type>
    <default>0</default>
  </entry>
  <entry>
    <name>Unk2B8</name>
    <type>f32</type>
    <default>0</default>
  </entry>
  <entry>
    <name>Unk2BC</name>
    <type>f32</type>
    <default>0</default>
  </entry>
  <entry>
    <name>Unk2C0</name>
    <type>f32</type>
    <default>0</default>
  </entry>
  <entry>
    <name>Unk2C4</name>
    <type>f32</type>
    <default>0</default>
  </entry>
  <entry>
    <name>Unk2C8</name>
    <type>f32</type>
    <default>0</default>
  </entry>
  <entry>
    <name>Unk2CC</name>
    <type>f32</type>
    <default>0</default>
  </entry>
  <entry>
    <name>Unk2D0</name>
    <type>f32</type>
    <default>0</default>
  </entry>
  <entry>
    <name>Unk2D4</name>
    <type>f32</type>
    <default>0</default>
  </entry>
  <entry>
    <name>Unk2D8</name>
    <type>f32</type>
    <default>0</default>
  </entry>
  <entry>
    <name>Unk2DC</name>
    <type>f32</type>
    <default>0</default>
  </entry>
  <entry>
    <name>Unk2E0</name>
    <type>f32</type>
    <default>0</default>
  </entry>
  <entry>
    <name>Unk2E4</name>
    <type>f32</type>
    <default>0</default>
  </entry>
  <entry>
    <name>Unk2E8</name>
    <type>f32</type>
    <default>0</default>
  </entry>
  <entry>
    <name>Unk2EC</name>
    <type>f32</type>
    <default>0</default>
  </entry>
  <entry>
    <name>Unk2F0</name>
    <type>f32</type>
    <default>0</default>
  </entry>
  <entry>
    <name>Unk2F4</name>
    <type>f32</type>
    <default>0</default>
  </entry>
  <entry>
    <name>Unk2F8</name>
    <type>f32</type>
    <default>0</default>
  </entry>
  <entry>
    <name>Unk2FC</name>
    <type>f32</type>
    <default>0</default>
  </entry>
  <entry>
    <name>Unk300</name>
    <type>f32</type>
    <default>0</default>
  </entry>
  <entry>
    <name>Unk304</name>
    <type>f32</type>
    <default>0</default>
  </entry>
  <entry>
    <name>Unk308</name>
    <type>f32</type>
    <default>0</default>
  </entry>
  <entry>
    <name>Unk30C</name>
    <type>f32</type>
    <default>0</default>
  </entry>
  <entry>
    <name>Unk310</name>
    <type>f32</type>
    <default>0</default>
  </entry>
  <entry>
    <name>Unk314</name>
    <type>f32</type>
    <default>0</default>
  </entry>
  <entry>
    <name>Unk318</name>
    <type>f32</type>
    <default>0</default>
  </entry>
  <entry>
    <name>Unk31C</name>
    <type>s32</type>
    <default>0</default>
  </entry>
  <entry>
    <name>Unk320</name>
    <type>s32</type>
    <default>0</default>
  </entry>
  <entry>
    <name>Unk324</name>
    <type>s32</type>
    <default>0</default>
  </entry>
  <entry>
    <name>Unk328</name>
    <type>s32</type>
    <default>0</default>
  </entry>
  <entry>
    <name>Unk32C</name>
    <type>s32</type>
    <default>0</default>
  </entry>
  <entry>
    <name>Unk330</name>
    <type>f32</type>
    <default>0</default>
  </entry>
  <entry>
    <name>Unk334</name>
    <type>f32</type>
    <default>0</default>
  </entry>
  <entry>
    <name>Unk338</name>
    <type>f32</type>
    <default>0</default>
  </entry>
  <entry>
    <name>Unk33C</name>
    <type>f32</type>
    <default>0</default>
  </entry>
  <entry>
    <name>Unk340</name>
    <type>f32</type>
    <default>0</default>
  </entry>
  <entry>
    <name>Unk344</name>
    <type>f32</type>
    <default>0</default>
  </entry>
  <entry>
    <name>Unk348</name>
    <type>s32</type>
    <default>0</default>
  </entry>
  <entry>
    <name>Unk34C</name>
    <type>f32</type>
    <default>0</default>
  </entry>
  <entry>
    <name>Unk350</name>
    <type>f32</type>
    <default>0</default>
  </entry>
  <entry>
    <name>Unk354</name>
    <type>f32</type>
    <default>0</default>
  </entry>
  <entry>
    <name>Unk358</name>
    <type>f32</type>
    <default>0</default>
  </entry>
  <entry>
    <name>Unk35C</name>
    <type>f32</type>
    <default>0</default>
  </entry>
  <entry>
    <name>Unk360</name>
    <type>f32</type>
    <default>0</default>
  </entry>
  <entry>
    <name>Unk364</name>
    <type>f32</type>
    <default>0</default>
  </entry>
  <entry>
    <name>Unk368</name>
    <type>f32</type>
    <default>0</default>
  </entry>
  <entry>
    <name>Unk36C</name>
    <type>f32</type>
    <default>0</default>
  </entry>
  <entry>
    <name>Unk370</name>
    <type>f32</type>
    <default>0</default>
  </entry>
  <entry>
    <name>Unk374</name>
    <type>s32</type>
    <default>0</default>
  </entry>
  <entry>
    <name>Unk378</name>
    <type>f32</type>
    <default>0</default>
  </entry>
  <entry>
    <name>Unk37C</name>
    <type>f32</type>
    <default>0</default>
  </entry>
  <entry>
    <name>Unk380</name>
    <type>f32</type>
    <default>0</default>
  </entry>
  <entry>
    <name>Unk384</name>
    <type>f32</type>
    <default>0</default>
  </entry>
  <entry>
    <name>Unk388</name>
    <type>f32</type>
    <default>0</default>
  </entry>
</layout>
