﻿<?xml version="1.0" encoding="utf-8"?>
<layout>
  <entry>
    <name>Unk00</name>
    <type>u8</type>
    <default>0</default>
  </entry>
  <entry>
    <name>Unk01</name>
    <type>u8</type>
    <default>0</default>
  </entry>
  <entry>
    <name>Unk02</name>
    <type>u8</type>
    <default>0</default>
  </entry>
  <entry>
    <name>Unk03</name>
    <type>u8</type>
    <default>0</default>
  </entry>
  <entry>
    <name>Unk04</name>
    <type>u8</type>
    <default>0</default>
  </entry>
  <entry>
    <name>Unk05</name>
    <type>u8</type>
    <default>0</default>
  </entry>
  <entry>
    <name>Unk06</name>
    <type>u8</type>
    <default>0</default>
  </entry>
  <entry>
    <name>Unk07</name>
    <type>u8</type>
    <default>0</default>
  </entry>
  <entry>
    <name>Unk08</name>
    <type>u8</type>
    <default>0</default>
  </entry>
  <entry>
    <name>Unk09</name>
    <type>u8</type>
    <default>0</default>
  </entry>
  <entry>
    <name>Unk0A</name>
    <type>u8</type>
    <default>0</default>
  </entry>
  <entry>
    <name>Unk0B</name>
    <type>u8</type>
    <default>0</default>
  </entry>
  <entry>
    <name>Unk0C</name>
    <type>u8</type>
    <default>0</default>
  </entry>
  <entry>
    <name>Unk0D</name>
    <type>u8</type>
    <default>0</default>
  </entry>
  <entry>
    <name>Unk0E</name>
    <type>u8</type>
    <default>0</default>
  </entry>
  <entry>
    <name>Unk0F</name>
    <type>u8</type>
    <default>0</default>
  </entry>
  <entry>
    <name>Unk10</name>
    <type>u8</type>
    <default>0</default>
  </entry>
  <entry>
    <name>Unk11</name>
    <type>u8</type>
    <default>0</default>
  </entry>
  <entry>
    <name>Unk12</name>
    <type>u8</type>
    <default>0</default>
  </entry>
  <entry>
    <name>Unk13</name>
    <type>u8</type>
    <default>0</default>
  </entry>
  <entry>
    <name>Unk14</name>
    <type>u8</type>
    <default>0</default>
  </entry>
  <entry>
    <name>Unk15</name>
    <type>u8</type>
    <default>0</default>
  </entry>
  <entry>
    <name>Unk16</name>
    <type>u8</type>
    <default>0</default>
  </entry>
  <entry>
    <name>Unk17</name>
    <type>u8</type>
    <default>0</default>
  </entry>
  <entry>
    <name>Unk18</name>
    <type>u8</type>
    <default>0</default>
  </entry>
  <entry>
    <name>Unk19</name>
    <type>u8</type>
    <default>0</default>
  </entry>
  <entry>
    <name>Unk1A</name>
    <type>u8</type>
    <default>0</default>
  </entry>
  <entry>
    <name>Unk1B</name>
    <type>u8</type>
    <default>0</default>
  </entry>
  <entry>
    <name>Unk1C</name>
    <type>u8</type>
    <default>0</default>
  </entry>
  <entry>
    <name>Unk1D</name>
    <type>u8</type>
    <default>0</default>
  </entry>
  <entry>
    <name>Unk1E</name>
    <type>u8</type>
    <default>0</default>
  </entry>
  <entry>
    <name>Unk1F</name>
    <type>u8</type>
    <default>0</default>
  </entry>
  <entry>
    <name>Unk20</name>
    <type>u8</type>
    <default>0</default>
  </entry>
  <entry>
    <name>Unk21</name>
    <type>u8</type>
    <default>0</default>
  </entry>
  <entry>
    <name>Unk22</name>
    <type>u8</type>
    <default>0</default>
  </entry>
  <entry>
    <name>Unk23</name>
    <type>u8</type>
    <default>0</default>
  </entry>
  <entry>
    <name>Unk24</name>
    <type>u8</type>
    <default>0</default>
  </entry>
  <entry>
    <name>Unk25</name>
    <type>u8</type>
    <default>0</default>
  </entry>
  <entry>
    <name>Unk26</name>
    <type>u8</type>
    <default>0</default>
  </entry>
  <entry>
    <name>Unk27</name>
    <type>u8</type>
    <default>0</default>
  </entry>
  <entry>
    <name>Unk28</name>
    <type>u8</type>
    <default>0</default>
  </entry>
  <entry>
    <name>Unk29</name>
    <type>u8</type>
    <default>0</default>
  </entry>
  <entry>
    <name>Unk2A</name>
    <type>u8</type>
    <default>0</default>
  </entry>
  <entry>
    <name>Unk2B</name>
    <type>u8</type>
    <default>0</default>
  </entry>
  <entry>
    <name>Unk2C</name>
    <type>u8</type>
    <default>0</default>
  </entry>
  <entry>
    <name>Unk2D</name>
    <type>u8</type>
    <default>0</default>
  </entry>
  <entry>
    <name>Unk2E</name>
    <type>u8</type>
    <default>0</default>
  </entry>
  <entry>
    <name>Unk2F</name>
    <type>u8</type>
    <default>0</default>
  </entry>
  <entry>
    <name>Unk30</name>
    <type>u8</type>
    <default>0</default>
  </entry>
  <entry>
    <name>Unk31</name>
    <type>u8</type>
    <default>0</default>
  </entry>
  <entry>
    <name>Unk32</name>
    <type>u8</type>
    <default>0</default>
  </entry>
  <entry>
    <name>Unk33</name>
    <type>u8</type>
    <default>0</default>
  </entry>
  <entry>
    <name>Unk34</name>
    <type>u8</type>
    <default>0</default>
  </entry>
  <entry>
    <name>Unk35</name>
    <type>u8</type>
    <default>0</default>
  </entry>
  <entry>
    <name>Unk36</name>
    <type>u8</type>
    <default>0</default>
  </entry>
  <entry>
    <name>Unk37</name>
    <type>u8</type>
    <default>0</default>
  </entry>
  <entry>
    <name>Unk38</name>
    <type>u8</type>
    <default>0</default>
  </entry>
  <entry>
    <name>Unk39</name>
    <type>u8</type>
    <default>0</default>
  </entry>
  <entry>
    <name>Unk3A</name>
    <type>u8</type>
    <default>0</default>
  </entry>
  <entry>
    <name>Unk3B</name>
    <type>u8</type>
    <default>0</default>
  </entry>
  <entry>
    <name>Unk3C</name>
    <type>u8</type>
    <default>0</default>
  </entry>
  <entry>
    <name>Unk3D</name>
    <type>u8</type>
    <default>0</default>
  </entry>
  <entry>
    <name>Unk3E</name>
    <type>u8</type>
    <default>0</default>
  </entry>
  <entry>
    <name>Unk3F</name>
    <type>u8</type>
    <default>0</default>
  </entry>
  <entry>
    <name>Unk40</name>
    <type>u8</type>
    <default>0</default>
  </entry>
  <entry>
    <name>Unk41</name>
    <type>u8</type>
    <default>0</default>
  </entry>
  <entry>
    <name>Unk42</name>
    <type>u8</type>
    <default>0</default>
  </entry>
  <entry>
    <name>Unk43</name>
    <type>u8</type>
    <default>0</default>
  </entry>
  <entry>
    <name>Unk44</name>
    <type>u8</type>
    <default>0</default>
  </entry>
  <entry>
    <name>Unk45</name>
    <type>u8</type>
    <default>0</default>
  </entry>
  <entry>
    <name>Unk46</name>
    <type>u8</type>
    <default>0</default>
  </entry>
  <entry>
    <name>Unk47</name>
    <type>u8</type>
    <default>0</default>
  </entry>
  <entry>
    <name>Unk48</name>
    <type>u8</type>
    <default>0</default>
  </entry>
  <entry>
    <name>Unk49</name>
    <type>u8</type>
    <default>0</default>
  </entry>
  <entry>
    <name>Unk4A</name>
    <type>u8</type>
    <default>0</default>
  </entry>
  <entry>
    <name>Unk4B</name>
    <type>u8</type>
    <default>0</default>
  </entry>
  <entry>
    <name>Unk4C</name>
    <type>u8</type>
    <default>0</default>
  </entry>
  <entry>
    <name>Unk4D</name>
    <type>u8</type>
    <default>0</default>
  </entry>
  <entry>
    <name>Unk4E</name>
    <type>u8</type>
    <default>0</default>
  </entry>
  <entry>
    <name>Unk4F</name>
    <type>u8</type>
    <default>0</default>
  </entry>
  <entry>
    <name>Unk50</name>
    <type>u8</type>
    <default>0</default>
  </entry>
  <entry>
    <name>Unk51</name>
    <type>u8</type>
    <default>0</default>
  </entry>
  <entry>
    <name>Unk52</name>
    <type>u8</type>
    <default>0</default>
  </entry>
  <entry>
    <name>Unk53</name>
    <type>u8</type>
    <default>0</default>
  </entry>
  <entry>
    <name>Unk54</name>
    <type>u8</type>
    <default>0</default>
  </entry>
  <entry>
    <name>Unk55</name>
    <type>u8</type>
    <default>0</default>
  </entry>
  <entry>
    <name>Unk56</name>
    <type>u8</type>
    <default>0</default>
  </entry>
  <entry>
    <name>Unk57</name>
    <type>u8</type>
    <default>0</default>
  </entry>
  <entry>
    <name>Unk58</name>
    <type>u8</type>
    <default>0</default>
  </entry>
  <entry>
    <name>Unk59</name>
    <type>u8</type>
    <default>0</default>
  </entry>
  <entry>
    <name>Unk5A</name>
    <type>u8</type>
    <default>0</default>
  </entry>
  <entry>
    <name>Unk5B</name>
    <type>u8</type>
    <default>0</default>
  </entry>
  <entry>
    <name>Unk5C</name>
    <type>u8</type>
    <default>0</default>
  </entry>
  <entry>
    <name>Unk5D</name>
    <type>u8</type>
    <default>0</default>
  </entry>
  <entry>
    <name>Unk5E</name>
    <type>u8</type>
    <default>0</default>
  </entry>
  <entry>
    <name>Unk5F</name>
    <type>u8</type>
    <default>0</default>
  </entry>
  <entry>
    <name>Unk60</name>
    <type>s32</type>
    <default>0</default>
  </entry>
  <entry>
    <name>Unk64</name>
    <type>s32</type>
    <default>0</default>
  </entry>
  <entry>
    <name>Unk68</name>
    <type>s32</type>
    <default>0</default>
  </entry>
  <entry>
    <name>Unk6C</name>
    <type>s32</type>
    <default>0</default>
  </entry>
  <entry>
    <name>Unk70</name>
    <type>s32</type>
    <default>0</default>
  </entry>
  <entry>
    <name>Unk74</name>
    <type>s32</type>
    <default>0</default>
  </entry>
  <entry>
    <name>Unk78</name>
    <type>s32</type>
    <default>0</default>
  </entry>
  <entry>
    <name>Unk7C</name>
    <type>s32</type>
    <default>0</default>
  </entry>
  <entry>
    <name>Unk80</name>
    <type>s32</type>
    <default>0</default>
  </entry>
  <entry>
    <name>Unk84</name>
    <type>s32</type>
    <default>0</default>
  </entry>
  <entry>
    <name>Unk88</name>
    <type>s32</type>
    <default>0</default>
  </entry>
  <entry>
    <name>Unk8C</name>
    <type>s32</type>
    <default>0</default>
  </entry>
  <entry>
    <name>Unk90</name>
    <type>s32</type>
    <default>0</default>
  </entry>
  <entry>
    <name>Unk94</name>
    <type>s32</type>
    <default>0</default>
  </entry>
  <entry>
    <name>Unk98</name>
    <type>s32</type>
    <default>0</default>
  </entry>
  <entry>
    <name>Unk9C</name>
    <type>s32</type>
    <default>0</default>
  </entry>
  <entry>
    <name>UnkA0</name>
    <type>s32</type>
    <default>0</default>
  </entry>
  <entry>
    <name>UnkA4</name>
    <type>s32</type>
    <default>0</default>
  </entry>
  <entry>
    <name>UnkA8</name>
    <type>s32</type>
    <default>0</default>
  </entry>
  <entry>
    <name>UnkAC</name>
    <type>s32</type>
    <default>0</default>
  </entry>
  <entry>
    <name>UnkB0</name>
    <type>s32</type>
    <default>0</default>
  </entry>
  <entry>
    <name>UnkB4</name>
    <type>s32</type>
    <default>0</default>
  </entry>
  <entry>
    <name>UnkB8</name>
    <type>s32</type>
    <default>0</default>
  </entry>
  <entry>
    <name>UnkBC</name>
    <type>s32</type>
    <default>0</default>
  </entry>
</layout>