<?xml version="1.0" encoding="utf-8"?>
<layout>
  <entry>
    <name>NG+0 % Souls</name>
    <type>u16</type>
    <default>0</default>
  </entry>
  <entry>
    <name>NG+1 % Souls</name>
    <type>u16</type>
    <default>0</default>
  </entry>
  <entry>
    <name>NG+2 % Souls</name>
    <type>u16</type>
    <default>0</default>
  </entry>
  <entry>
    <name>NG+3 % Souls</name>
    <type>u16</type>
    <default>0</default>
  </entry>
  <entry>
    <name>NG+4 % Souls</name>
    <type>u16</type>
    <default>0</default>
  </entry>
  <entry>
    <name>NG+5 % Souls</name>
    <type>u16</type>
    <default>0</default>
  </entry>
  <entry>
    <name>NG+6 % Souls</name>
    <type>u16</type>
    <default>0</default>
  </entry>
  <entry>
    <name>NG+7 % Souls</name>
    <type>u16</type>
    <default>0</default>
  </entry>
</layout>
