﻿<?xml version="1.0" encoding="utf-8"?>
<layout>
  <entry>
    <name>Unk00</name>
    <type>u16</type>
    <default>0</default>
  </entry>
  <entry>
    <name>Unk02</name>
    <type>u16</type>
    <default>0</default>
  </entry>
  <entry>
    <name>Unk04</name>
    <type>u16</type>
    <default>0</default>
  </entry>
  <entry>
    <name>Unk06</name>
    <type>u16</type>
    <default>0</default>
  </entry>
  <entry>
    <name>Unk08</name>
    <type>u16</type>
    <default>0</default>
  </entry>
  <entry>
    <name>Unk0A</name>
    <type>u16</type>
    <default>0</default>
  </entry>
  <entry>
    <name>Unk0C</name>
    <type>u16</type>
    <default>0</default>
  </entry>
  <entry>
    <name>Unk0E</name>
    <type>u16</type>
    <default>0</default>
  </entry>
  <entry>
    <name>Unk10</name>
    <type>u16</type>
    <default>0</default>
  </entry>
  <entry>
    <name>Unk12</name>
    <type>u16</type>
    <default>0</default>
  </entry>
  <entry>
    <name>Unk14</name>
    <type>u16</type>
    <default>0</default>
  </entry>
  <entry>
    <name>Unk16</name>
    <type>u16</type>
    <default>0</default>
  </entry>
  <entry>
    <name>Unk18</name>
    <type>u16</type>
    <default>0</default>
  </entry>
  <entry>
    <name>Unk1A</name>
    <type>u16</type>
    <default>0</default>
  </entry>
  <entry>
    <name>Unk1C</name>
    <type>u16</type>
    <default>0</default>
  </entry>
  <entry>
    <name>Unk1E</name>
    <type>u16</type>
    <default>0</default>
  </entry>
  <entry>
    <name>Unk20</name>
    <type>u16</type>
    <default>0</default>
  </entry>
  <entry>
    <name>Unk22</name>
    <type>u16</type>
    <default>0</default>
  </entry>
  <entry>
    <name>Unk24</name>
    <type>u16</type>
    <default>0</default>
  </entry>
  <entry>
    <name>Unk26</name>
    <type>u16</type>
    <default>0</default>
  </entry>
  <entry>
    <name>Unk28</name>
    <type>u16</type>
    <default>0</default>
  </entry>
  <entry>
    <name>Unk2A</name>
    <type>u16</type>
    <default>0</default>
  </entry>
  <entry>
    <name>Unk2C</name>
    <type>u16</type>
    <default>0</default>
  </entry>
  <entry>
    <name>Unk2E</name>
    <type>u16</type>
    <default>0</default>
  </entry>
  <entry>
    <name>Unk30</name>
    <type>u16</type>
    <default>0</default>
  </entry>
  <entry>
    <name>Unk32</name>
    <type>u16</type>
    <default>0</default>
  </entry>
  <entry>
    <name>Unk34</name>
    <type>u16</type>
    <default>0</default>
  </entry>
  <entry>
    <name>Unk36</name>
    <type>u16</type>
    <default>0</default>
  </entry>
  <entry>
    <name>Unk38</name>
    <type>u16</type>
    <default>0</default>
  </entry>
  <entry>
    <name>Unk3A</name>
    <type>u16</type>
    <default>0</default>
  </entry>
  <entry>
    <name>Unk3C</name>
    <type>u16</type>
    <default>0</default>
  </entry>
  <entry>
    <name>Unk3E</name>
    <type>u16</type>
    <default>0</default>
  </entry>
  <entry>
    <name>Unk40</name>
    <type>u16</type>
    <default>0</default>
  </entry>
  <entry>
    <name>Unk42</name>
    <type>u16</type>
    <default>0</default>
  </entry>
  <entry>
    <name>Unk44</name>
    <type>u16</type>
    <default>0</default>
  </entry>
  <entry>
    <name>Unk46</name>
    <type>u16</type>
    <default>0</default>
  </entry>
  <entry>
    <name>Unk48</name>
    <type>u16</type>
    <default>0</default>
  </entry>
  <entry>
    <name>Unk4A</name>
    <type>u16</type>
    <default>0</default>
  </entry>
  <entry>
    <name>Unk4C</name>
    <type>u16</type>
    <default>0</default>
  </entry>
  <entry>
    <name>Unk4E</name>
    <type>u16</type>
    <default>0</default>
  </entry>
</layout>
