<?xml version="1.0" encoding="utf-8"?>
<layout>
  <entry>
    <name>Unk00</name>
    <type>f32</type>
    <default>0</default>
  </entry>
  <entry>
    <name>Unk04</name>
    <type>f32</type>
    <default>0</default>
  </entry>
  <entry>
    <name>Unk08</name>
    <type>f32</type>
    <default>0</default>
  </entry>
  <entry>
    <name>Unk0C</name>
    <type>f32</type>
    <default>0</default>
  </entry>
  <entry>
    <name>Unk10</name>
    <type>f32</type>
    <default>0</default>
  </entry>
  <entry>
    <name>Unk14</name>
    <type>f32</type>
    <default>0</default>
  </entry>
  <entry>
    <name>Unk18</name>
    <type>f32</type>
    <default>0</default>
  </entry>
  <entry>
    <name>Unk1C</name>
    <type>f32</type>
    <default>0</default>
  </entry>
  <entry>
    <name>Walk Speed</name>
    <type>f32</type>
    <default>0</default>
  </entry>
  <entry>
    <name>Unk24</name>
    <type>f32</type>
    <default>0</default>
  </entry>
  <entry>
    <name>Unk28</name>
    <type>f32</type>
    <default>0</default>
  </entry>
  <entry>
    <name>Unk2C</name>
    <type>f32</type>
    <default>0</default>
  </entry>
  <entry>
    <name>Unk30</name>
    <type>f32</type>
    <default>0</default>
  </entry>
  <entry>
    <name>Unk34</name>
    <type>f32</type>
    <default>0</default>
  </entry>
  <entry>
    <name>Unk38</name>
    <type>f32</type>
    <default>0</default>
  </entry>
  <entry>
    <name>Run Speed</name>
    <type>f32</type>
    <default>0</default>
  </entry>
  <entry>
    <name>Unk40</name>
    <type>f32</type>
    <default>0</default>
  </entry>
  <entry>
    <name>Unk44</name>
    <type>f32</type>
    <default>0</default>
  </entry>
  <entry>
    <name>Unk48</name>
    <type>f32</type>
    <default>0</default>
  </entry>
  <entry>
    <name>Unk4C</name>
    <type>f32</type>
    <default>0</default>
  </entry>
  <entry>
    <name>Unk50</name>
    <type>f32</type>
    <default>0</default>
  </entry>
  <entry>
    <name>Unk54</name>
    <type>f32</type>
    <default>0</default>
  </entry>
  <entry>
    <name>Unk58</name>
    <type>f32</type>
    <default>0</default>
  </entry>
  <entry>
    <name>Unk5C</name>
    <type>f32</type>
    <default>0</default>
  </entry>
  <entry>
    <name>Unk60</name>
    <type>f32</type>
    <default>0</default>
  </entry>
  <entry>
    <name>Unk64</name>
    <type>f32</type>
    <default>0</default>
  </entry>
  <entry>
    <name>Unk68</name>
    <type>f32</type>
    <default>0</default>
  </entry>
  <entry>
    <name>LockedOn Walk Speed</name>
    <type>f32</type>
    <default>0</default>
  </entry>
  <entry>
    <name>Unk70</name>
    <type>f32</type>
    <default>0</default>
  </entry>
  <entry>
    <name>Unk74</name>
    <type>f32</type>
    <default>0</default>
  </entry>
  <entry>
    <name>Unk78</name>
    <type>f32</type>
    <default>0</default>
  </entry>
  <entry>
    <name>Unk7C</name>
    <type>f32</type>
    <default>0</default>
  </entry>
  <entry>
    <name>Unk80</name>
    <type>f32</type>
    <default>0</default>
  </entry>
  <entry>
    <name>LockedOn Run Speed</name>
    <type>f32</type>
    <default>0</default>
  </entry>
  <entry>
    <name>Unk88</name>
    <type>f32</type>
    <default>0</default>
  </entry>
  <entry>
    <name>Unk8C</name>
    <type>f32</type>
    <default>0</default>
  </entry>
  <entry>
    <name>Unk90</name>
    <type>f32</type>
    <default>0</default>
  </entry>
  <entry>
    <name>Unk94</name>
    <type>f32</type>
    <default>0</default>
  </entry>
  <entry>
    <name>Unk98</name>
    <type>f32</type>
    <default>0</default>
  </entry>
  <entry>
    <name>Unk9C</name>
    <type>f32</type>
    <default>0</default>
  </entry>
  <entry>
    <name>UnkA0</name>
    <type>f32</type>
    <default>0</default>
  </entry>
  <entry>
    <name>UnkA4</name>
    <type>f32</type>
    <default>0</default>
  </entry>
  <entry>
    <name>UnkA8</name>
    <type>f32</type>
    <default>0</default>
  </entry>
  <entry>
    <name>UnkAC</name>
    <type>f32</type>
    <default>0</default>
  </entry>
  <entry>
    <name>UnkB0</name>
    <type>f32</type>
    <default>0</default>
  </entry>
  <entry>
    <name>UnkB4</name>
    <type>f32</type>
    <default>0</default>
  </entry>
  <entry>
    <name>UnkB8</name>
    <type>f32</type>
    <default>0</default>
  </entry>
  <entry>
    <name>UnkBC</name>
    <type>f32</type>
    <default>0</default>
  </entry>
  <entry>
    <name>UnkC0</name>
    <type>f32</type>
    <default>0</default>
  </entry>
  <entry>
    <name>UnkC4</name>
    <type>f32</type>
    <default>0</default>
  </entry>
  <entry>
    <name>UnkC8</name>
    <type>f32</type>
    <default>0</default>
  </entry>
  <entry>
    <name>UnkCC</name>
    <type>f32</type>
    <default>0</default>
  </entry>
  <entry>
    <name>UnkD0</name>
    <type>f32</type>
    <default>0</default>
  </entry>
  <entry>
    <name>UnkD4</name>
    <type>f32</type>
    <default>0</default>
  </entry>
  <entry>
    <name>UnkD8</name>
    <type>f32</type>
    <default>0</default>
  </entry>
  <entry>
    <name>UnkDC</name>
    <type>f32</type>
    <default>0</default>
  </entry>
  <entry>
    <name>UnkE0</name>
    <type>f32</type>
    <default>0</default>
  </entry>
  <entry>
    <name>UnkE4</name>
    <type>f32</type>
    <default>0</default>
  </entry>
  <entry>
    <name>UnkE8</name>
    <type>f32</type>
    <default>0</default>
  </entry>
  <entry>
    <name>UnkEC</name>
    <type>f32</type>
    <default>0</default>
  </entry>
  <entry>
    <name>UnkF0</name>
    <type>f32</type>
    <default>0</default>
  </entry>
  <entry>
    <name>UnkF4</name>
    <type>f32</type>
    <default>0</default>
  </entry>
  <entry>
    <name>Backstep Speed</name>
    <type>f32</type>
    <default>0</default>
  </entry>
  <entry>
    <name>UnkFC</name>
    <type>s32</type>
    <default>0</default>
  </entry>
  <entry>
    <name>Unk100</name>
    <type>f32</type>
    <default>0</default>
  </entry>
  <entry>
    <name>Backstep Distance</name>
    <type>f32</type>
    <default>0</default>
  </entry>
  <entry>
    <name>Unk108</name>
    <type>f32</type>
    <default>0</default>
  </entry>
  <entry>
    <name>Unk10C</name>
    <type>f32</type>
    <default>0</default>
  </entry>
  <entry>
    <name>Roll Speed</name>
    <type>f32</type>
    <default>0</default>
  </entry>
  <entry>
    <name>Unk114</name>
    <type>f32</type>
    <default>0</default>
  </entry>
  <entry>
    <name>Unk118</name>
    <type>f32</type>
    <default>0</default>
  </entry>
  <entry>
    <name>Unk11C</name>
    <type>f32</type>
    <default>0</default>
  </entry>
  <entry>
    <name>Jump Height</name>
    <type>f32</type>
    <default>0</default>
  </entry>
  <entry>
    <name>Unk124</name>
    <type>f32</type>
    <default>0</default>
  </entry>
  <entry>
    <name>Unk128</name>
    <type>f32</type>
    <default>0</default>
  </entry>
  <entry>
    <name>Jump Length</name>
    <type>f32</type>
    <default>0</default>
  </entry>
  <entry>
    <name>Jump Length 2</name>
    <type>f32</type>
    <default>0</default>
  </entry>
  <entry>
    <name>Unk134</name>
    <type>f32</type>
    <default>0</default>
  </entry>
  <entry>
    <name>Unk138</name>
    <type>f32</type>
    <default>0</default>
  </entry>
  <entry>
    <name>Jump Gravity</name>
    <type>f32</type>
    <default>0</default>
  </entry>
  <entry>
    <name>Jump Gravity 2</name>
    <type>f32</type>
    <default>0</default>
  </entry>
  <entry>
    <name>Unk144</name>
    <type>f32</type>
    <default>0</default>
  </entry>
  <entry>
    <name>Unk148</name>
    <type>f32</type>
    <default>0</default>
  </entry>
  <entry>
    <name>Unk14C</name>
    <type>f32</type>
    <default>0</default>
  </entry>
  <entry>
    <name>Fall Death Timer</name>
    <type>f32</type>
    <default>0</default>
  </entry>
  <entry>
    <name>Unk154</name>
    <type>f32</type>
    <default>0</default>
  </entry>
  <entry>
    <name>Unk158</name>
    <type>f32</type>
    <default>0</default>
  </entry>
  <entry>
    <name>Unk15C</name>
    <type>f32</type>
    <default>0</default>
  </entry>
  <entry>
    <name>Escape Min Height</name>
    <type>f32</type>
    <default>0</default>
  </entry>
  <entry>
    <name>Unk164</name>
    <type>f32</type>
    <default>0</default>
  </entry>
  <entry>
    <name>Unk168</name>
    <type>f32</type>
    <default>0</default>
  </entry>
  <entry>
    <name>Unk16C</name>
    <type>f32</type>
    <default>0</default>
  </entry>
  <entry>
    <name>Unk170</name>
    <type>f32</type>
    <default>0</default>
  </entry>
  <entry>
    <name>Unk174</name>
    <type>f32</type>
    <default>0</default>
  </entry>
  <entry>
    <name>Unk178</name>
    <type>f32</type>
    <default>0</default>
  </entry>
  <entry>
    <name>Unk17C</name>
    <type>f32</type>
    <default>0</default>
  </entry>
  <entry>
    <name>Unk180</name>
    <type>f32</type>
    <default>0</default>
  </entry>
  <entry>
    <name>Unk184</name>
    <type>f32</type>
    <default>0</default>
  </entry>
  <entry>
    <name>Unk188</name>
    <type>f32</type>
    <default>0</default>
  </entry>
  <entry>
    <name>Unk18C</name>
    <type>f32</type>
    <default>0</default>
  </entry>
  <entry>
    <name>Unk190</name>
    <type>f32</type>
    <default>0</default>
  </entry>
  <entry>
    <name>Unk194</name>
    <type>f32</type>
    <default>0</default>
  </entry>
  <entry>
    <name>Unk198</name>
    <type>f32</type>
    <default>0</default>
  </entry>
  <entry>
    <name>Unk19C</name>
    <type>f32</type>
    <default>0</default>
  </entry>
  <entry>
    <name>Unk1A0</name>
    <type>f32</type>
    <default>0</default>
  </entry>
  <entry>
    <name>Unk1A4</name>
    <type>f32</type>
    <default>0</default>
  </entry>
  <entry>
    <name>Unk1A8</name>
    <type>f32</type>
    <default>0</default>
  </entry>
  <entry>
    <name>Unk1AC</name>
    <type>f32</type>
    <default>0</default>
  </entry>
  <entry>
    <name>Unk1B0</name>
    <type>f32</type>
    <default>0</default>
  </entry>
  <entry>
    <name>Unk1B4</name>
    <type>f32</type>
    <default>0</default>
  </entry>
  <entry>
    <name>Unk1B8</name>
    <type>f32</type>
    <default>0</default>
  </entry>
  <entry>
    <name>Unk1BC</name>
    <type>f32</type>
    <default>0</default>
  </entry>
  <entry>
    <name>Unk1C0</name>
    <type>f32</type>
    <default>0</default>
  </entry>
  <entry>
    <name>Unk1C4</name>
    <type>f32</type>
    <default>0</default>
  </entry>
  <entry>
    <name>Unk1C8</name>
    <type>f32</type>
    <default>0</default>
  </entry>
  <entry>
    <name>Unk1CC</name>
    <type>f32</type>
    <default>0</default>
  </entry>
  <entry>
    <name>Unk1D0</name>
    <type>f32</type>
    <default>0</default>
  </entry>
  <entry>
    <name>Unk1D4</name>
    <type>f32</type>
    <default>0</default>
  </entry>
  <entry>
    <name>Unk1D8</name>
    <type>f32</type>
    <default>0</default>
  </entry>
  <entry>
    <name>Unk1DC</name>
    <type>f32</type>
    <default>0</default>
  </entry>
  <entry>
    <name>Unk1E0</name>
    <type>f32</type>
    <default>0</default>
  </entry>
  <entry>
    <name>Unk1E4</name>
    <type>f32</type>
    <default>0</default>
  </entry>
  <entry>
    <name>Unk1E8</name>
    <type>f32</type>
    <default>0</default>
  </entry>
  <entry>
    <name>Unk1EC</name>
    <type>f32</type>
    <default>0</default>
  </entry>
  <entry>
    <name>Unk1F0</name>
    <type>f32</type>
    <default>0</default>
  </entry>
  <entry>
    <name>Fall Damage Damp</name>
    <type>f32</type>
    <default>0</default>
  </entry>
  <entry>
    <name>Fall Damage Damp 2</name>
    <type>f32</type>
    <default>0</default>
  </entry>
  <entry>
    <name>Unk1FC</name>
    <type>f32</type>
    <default>0</default>
  </entry>
  <entry>
    <name>Fall Distance Max</name>
    <type>f32</type>
    <default>0</default>
  </entry>
  <entry>
    <name>Unk204</name>
    <type>f32</type>
    <default>0</default>
  </entry>
  <entry>
    <name>Unk208</name>
    <type>f32</type>
    <default>0</default>
  </entry>
  <entry>
    <name>Unk20C</name>
    <type>f32</type>
    <default>0</default>
  </entry>
  <entry>
    <name>Unk210</name>
    <type>f32</type>
    <default>0</default>
  </entry>
  <entry>
    <name>Unk214</name>
    <type>f32</type>
    <default>0</default>
  </entry>
  <entry>
    <name>Unk218</name>
    <type>f32</type>
    <default>0</default>
  </entry>
  <entry>
    <name>Unk21C</name>
    <type>f32</type>
    <default>0</default>
  </entry>
  <entry>
    <name>Unk220</name>
    <type>f32</type>
    <default>0</default>
  </entry>
  <entry>
    <name>Unk224</name>
    <type>f32</type>
    <default>0</default>
  </entry>
  <entry>
    <name>Unk228</name>
    <type>f32</type>
    <default>0</default>
  </entry>
  <entry>
    <name>Unk22C</name>
    <type>s32</type>
    <default>0</default>
  </entry>
  <entry>
    <name>Unk230</name>
    <type>f32</type>
    <default>0</default>
  </entry>
  <entry>
    <name>Unk234</name>
    <type>f32</type>
    <default>0</default>
  </entry>
  <entry>
    <name>Unk238</name>
    <type>f32</type>
    <default>0</default>
  </entry>
  <entry>
    <name>Unk23C</name>
    <type>f32</type>
    <default>0</default>
  </entry>
  <entry>
    <name>Unk240</name>
    <type>f32</type>
    <default>0</default>
  </entry>
  <entry>
    <name>Unk244</name>
    <type>f32</type>
    <default>0</default>
  </entry>
  <entry>
    <name>Unk248</name>
    <type>f32</type>
    <default>0</default>
  </entry>
  <entry>
    <name>Unk24C</name>
    <type>f32</type>
    <default>0</default>
  </entry>
  <entry>
    <name>Unk250</name>
    <type>f32</type>
    <default>0</default>
  </entry>
  <entry>
    <name>Unk254</name>
    <type>f32</type>
    <default>0</default>
  </entry>
  <entry>
    <name>Unk258</name>
    <type>f32</type>
    <default>0</default>
  </entry>
  <entry>
    <name>Unk25C</name>
    <type>f32</type>
    <default>0</default>
  </entry>
  <entry>
    <name>Unk260</name>
    <type>f32</type>
    <default>0</default>
  </entry>
  <entry>
    <name>Unk264</name>
    <type>f32</type>
    <default>0</default>
  </entry>
  <entry>
    <name>Unk268</name>
    <type>f32</type>
    <default>0</default>
  </entry>
  <entry>
    <name>Unk26C</name>
    <type>f32</type>
    <default>0</default>
  </entry>
  <entry>
    <name>Unk270</name>
    <type>f32</type>
    <default>0</default>
  </entry>
  <entry>
    <name>Unk274</name>
    <type>f32</type>
    <default>0</default>
  </entry>
  <entry>
    <name>Unk278</name>
    <type>f32</type>
    <default>0</default>
  </entry>
  <entry>
    <name>Unk27C</name>
    <type>f32</type>
    <default>0</default>
  </entry>
  <entry>
    <name>Unk280</name>
    <type>f32</type>
    <default>0</default>
  </entry>
  <entry>
    <name>Unk284</name>
    <type>f32</type>
    <default>0</default>
  </entry>
  <entry>
    <name>Unk288</name>
    <type>f32</type>
    <default>0</default>
  </entry>
  <entry>
    <name>Unk28C</name>
    <type>f32</type>
    <default>0</default>
  </entry>
  <entry>
    <name>Unk290</name>
    <type>f32</type>
    <default>0</default>
  </entry>
  <entry>
    <name>Unk294</name>
    <type>f32</type>
    <default>0</default>
  </entry>
  <entry>
    <name>Unk298</name>
    <type>f32</type>
    <default>0</default>
  </entry>
  <entry>
    <name>Unk29C</name>
    <type>f32</type>
    <default>0</default>
  </entry>
  <entry>
    <name>Unk2A0</name>
    <type>f32</type>
    <default>0</default>
  </entry>
  <entry>
    <name>Unk2A4</name>
    <type>f32</type>
    <default>0</default>
  </entry>
  <entry>
    <name>Unk2A8</name>
    <type>f32</type>
    <default>0</default>
  </entry>
  <entry>
    <name>Unk2AC</name>
    <type>f32</type>
    <default>0</default>
  </entry>
  <entry>
    <name>Unk2B0</name>
    <type>f32</type>
    <default>0</default>
  </entry>
  <entry>
    <name>Unk2B4</name>
    <type>f32</type>
    <default>0</default>
  </entry>
  <entry>
    <name>Unk2B8</name>
    <type>f32</type>
    <default>0</default>
  </entry>
  <entry>
    <name>Unk2BC</name>
    <type>f32</type>
    <default>0</default>
  </entry>
  <entry>
    <name>Unk2C0</name>
    <type>f32</type>
    <default>0</default>
  </entry>
  <entry>
    <name>Unk2C4</name>
    <type>f32</type>
    <default>0</default>
  </entry>
  <entry>
    <name>Unk2C8</name>
    <type>f32</type>
    <default>0</default>
  </entry>
  <entry>
    <name>Unk2CC</name>
    <type>f32</type>
    <default>0</default>
  </entry>
  <entry>
    <name>Unk2D0</name>
    <type>f32</type>
    <default>0</default>
  </entry>
  <entry>
    <name>Unk2D4</name>
    <type>f32</type>
    <default>0</default>
  </entry>
  <entry>
    <name>Unk2D8</name>
    <type>f32</type>
    <default>0</default>
  </entry>
  <entry>
    <name>Unk2DC</name>
    <type>f32</type>
    <default>0</default>
  </entry>
  <entry>
    <name>Unk2E0</name>
    <type>f32</type>
    <default>0</default>
  </entry>
  <entry>
    <name>Unk2E4</name>
    <type>f32</type>
    <default>0</default>
  </entry>
  <entry>
    <name>Unk2E8</name>
    <type>f32</type>
    <default>0</default>
  </entry>
  <entry>
    <name>Unk2EC</name>
    <type>f32</type>
    <default>0</default>
  </entry>
  <entry>
    <name>Unk2F0</name>
    <type>s32</type>
    <default>0</default>
  </entry>
  <entry>
    <name>Unk2F4</name>
    <type>f32</type>
    <default>0</default>
  </entry>
  <entry>
    <name>Unk2F8</name>
    <type>f32</type>
    <default>0</default>
  </entry>
  <entry>
    <name>Unk2FC</name>
    <type>f32</type>
    <default>0</default>
  </entry>
  <entry>
    <name>Unk300</name>
    <type>f32</type>
    <default>0</default>
  </entry>
</layout>
