﻿<?xml version="1.0" encoding="utf-8"?>
<layout>
  <entry>
    <name>R1</name>
    <type>u8</type>
    <default>0</default>
  </entry>
  <entry>
    <name>G1</name>
    <type>u8</type>
    <default>0</default>
  </entry>
  <entry>
    <name>B1</name>
    <type>u8</type>
    <default>0</default>
  </entry>
  <entry>
    <name>A1</name>
    <type>u8</type>
    <default>0</default>
  </entry>
  <entry>
    <name>R2</name>
    <type>u8</type>
    <default>0</default>
  </entry>
  <entry>
    <name>G2</name>
    <type>u8</type>
    <default>0</default>
  </entry>
  <entry>
    <name>B2</name>
    <type>u8</type>
    <default>0</default>
  </entry>
  <entry>
    <name>A2</name>
    <type>u8</type>
    <default>0</default>
  </entry>
  <entry>
    <name>R3</name>
    <type>u8</type>
    <default>0</default>
  </entry>
  <entry>
    <name>G3</name>
    <type>u8</type>
    <default>0</default>
  </entry>
  <entry>
    <name>B3</name>
    <type>u8</type>
    <default>0</default>
  </entry>
  <entry>
    <name>A3</name>
    <type>u8</type>
    <default>0</default>
  </entry>
  <entry>
    <name>R4</name>
    <type>u8</type>
    <default>0</default>
  </entry>
  <entry>
    <name>G4</name>
    <type>u8</type>
    <default>0</default>
  </entry>
  <entry>
    <name>B4</name>
    <type>u8</type>
    <default>0</default>
  </entry>
  <entry>
    <name>A4</name>
    <type>u8</type>
    <default>0</default>
  </entry>
  <entry>
    <name>R5</name>
    <type>u8</type>
    <default>0</default>
  </entry>
  <entry>
    <name>G5</name>
    <type>u8</type>
    <default>0</default>
  </entry>
  <entry>
    <name>B5</name>
    <type>u8</type>
    <default>0</default>
  </entry>
  <entry>
    <name>A5</name>
    <type>u8</type>
    <default>0</default>
  </entry>
  <entry>
    <name>Ghost A1</name>
    <type>f32</type>
    <default>0</default>
  </entry>
  <entry>
    <name>Ghost A2</name>
    <type>f32</type>
    <default>0</default>
  </entry>
  <entry>
    <name>Unk1C</name>
    <type>u8</type>
    <default>0</default>
  </entry>
  <entry>
    <name>Unk1D</name>
    <type>u8</type>
    <default>0</default>
  </entry>
  <entry>
    <name>Unk1E</name>
    <type>u8</type>
    <default>0</default>
  </entry>
  <entry>
    <name>Unk1F</name>
    <type>u8</type>
    <default>0</default>
  </entry>
</layout>
