<?xml version="1.0" encoding="utf-8"?>
<layout>
  <entry>
    <name>Unk00</name>
    <type>u8</type>
    <default>0</default>
  </entry>
  <entry>
    <name>Unk01</name>
    <type>u8</type>
    <default>0</default>
  </entry>
  <entry>
    <name>Unk02</name>
    <type>u8</type>
    <default>0</default>
  </entry>
  <entry>
    <name>Sin Points (Sinner)</name>
    <type>u8</type>
    <default>0</default>
  </entry>
  <entry>
    <name>Sin Points (Wretch)</name>
    <type>u8</type>
    <default>0</default>
  </entry>
  <entry>
    <name>Hollowing Increase on Death</name>
    <type>u8</type>
    <default>0</default>
  </entry>
  <entry>
    <name>Hollowing Level for Unknown</name>
    <type>u8</type>
    <default>0</default>
  </entry>
  <entry>
    <name>Hollowing Level for Appearance Degradation</name>
    <type>u8</type>
    <default>0</default>
  </entry>
  <entry>
    <name>HP Minimum Percentage</name>
    <type>u8</type>
    <default>0</default>
  </entry>
  <entry>
    <name>HP Minimum Percentage (Wretch)</name>
    <type>u8</type>
    <default>0</default>
  </entry>
  <entry>
    <name>Unknown Percentage</name>
    <type>u8</type>
    <default>0</default>
  </entry>
  <entry>
    <name>Unknown Percentage (Wretch)</name>
    <type>u8</type>
    <default>0</default>
  </entry>
</layout>
