﻿<?xml version="1.0" encoding="utf-8"?>
<layout>
  <entry>
    <name>Infusion 1 Cost</name>
    <type>s32</type>
    <default>0</default>
  </entry>
  <entry>
    <name>Infusion 2 Cost</name>
    <type>s32</type>
    <default>0</default>
  </entry>
  <entry>
    <name>Infusion 3 Cost</name>
    <type>s32</type>
    <default>0</default>
  </entry>
  <entry>
    <name>Infusion 4 Cost</name>
    <type>s32</type>
    <default>0</default>
  </entry>
  <entry>
    <name>Infusion 5 Cost</name>
    <type>s32</type>
    <default>0</default>
  </entry>
  <entry>
    <name>Infusion 6 Cost</name>
    <type>s32</type>
    <default>0</default>
  </entry>
  <entry>
    <name>Infusion 7 Cost</name>
    <type>s32</type>
    <default>0</default>
  </entry>
  <entry>
    <name>Infusion 8 Cost</name>
    <type>s32</type>
    <default>0</default>
  </entry>
  <entry>
    <name>Infusion 9 Cost</name>
    <type>s32</type>
    <default>0</default>
  </entry>
  <entry>
    <name>Infusion 10 Cost</name>
    <type>s32</type>
    <default>0</default>
  </entry>
  <entry>
    <name>Infusion 1 Item</name>
    <type>s32</type>
    <default>0</default>
  </entry>
  <entry>
    <name>Infusion 2 Item</name>
    <type>s32</type>
    <default>0</default>
  </entry>
  <entry>
    <name>Infusion 3 Item</name>
    <type>s32</type>
    <default>0</default>
  </entry>
  <entry>
    <name>Infusion 4 Item</name>
    <type>s32</type>
    <default>0</default>
  </entry>
  <entry>
    <name>Infusion 5 Item</name>
    <type>s32</type>
    <default>0</default>
  </entry>
  <entry>
    <name>Infusion 6 Item</name>
    <type>s32</type>
    <default>0</default>
  </entry>
  <entry>
    <name>Infusion 7 Item</name>
    <type>s32</type>
    <default>0</default>
  </entry>
  <entry>
    <name>Infusion 8 Item</name>
    <type>s32</type>
    <default>0</default>
  </entry>
  <entry>
    <name>Infusion 9 Item</name>
    <type>s32</type>
    <default>0</default>
  </entry>
  <entry>
    <name>Infusion 10 Item</name>
    <type>s32</type>
    <default>0</default>
  </entry>
  <entry>
    <name>Infusion 1 Amount</name>
    <type>u16</type>
    <default>0</default>
  </entry>
  <entry>
    <name>Infusion 2 Amount</name>
    <type>u16</type>
    <default>0</default>
  </entry>
  <entry>
    <name>Infusion 3 Amount</name>
    <type>u16</type>
    <default>0</default>
  </entry>
  <entry>
    <name>Infusion 4 Amount</name>
    <type>u16</type>
    <default>0</default>
  </entry>
  <entry>
    <name>Infusion 5 Amount</name>
    <type>u16</type>
    <default>0</default>
  </entry>
  <entry>
    <name>Infusion 6 Amount</name>
    <type>u16</type>
    <default>0</default>
  </entry>
  <entry>
    <name>Infusion 7 Amount</name>
    <type>u16</type>
    <default>0</default>
  </entry>
  <entry>
    <name>Infusion 8 Amount</name>
    <type>u16</type>
    <default>0</default>
  </entry>
  <entry>
    <name>Infusion 9 Amount</name>
    <type>u16</type>
    <default>0</default>
  </entry>
  <entry>
    <name>Infusion 10 Amount</name>
    <type>u16</type>
    <default>0</default>
  </entry>
</layout>