﻿<?xml version="1.0" encoding="utf-8"?>
<layout>
  <entry>
    <name>Unk00</name>
    <type>u8</type>
    <default>0</default>
  </entry>
  <entry>
    <name>Unk01</name>
    <type>u8</type>
    <default>0</default>
  </entry>
  <entry>
    <name>Unk02</name>
    <type>u8</type>
    <default>0</default>
  </entry>
  <entry>
    <name>Unk03</name>
    <type>u8</type>
    <default>0</default>
  </entry>
  
  <entry>
    <name>Unk04</name>
    <type>f32</type>
    <default>0</default>
  </entry>
  <entry>
    <name>Unk08</name>
    <type>f32</type>
    <default>0</default>
  </entry>
  <entry>
    <name>Unk0C</name>
    <type>s32</type>
    <default>0</default>
  </entry>
  
  <entry>
    <name>Unk10</name>
    <type>u8</type>
    <default>0</default>
  </entry>
  <entry>
    <name>Unk11</name>
    <type>u8</type>
    <default>0</default>
  </entry>
  <entry>
    <name>Unk12</name>
    <type>u16</type>
    <default>0</default>
  </entry>
  
  <entry>
    <name>Unk14</name>
    <type>u16</type>
    <default>0</default>
  </entry>
  <entry>
    <name>Unk16</name>
    <type>u16</type>
    <default>0</default>
  </entry>
  
  <entry>
    <name>Unk18</name>
    <type>f32</type>
    <default>0</default>
  </entry>
  <entry>
    <name>Unk1C</name>
    <type>f32</type>
    <default>0</default>
  </entry>
  <entry>
    <name>Unk20</name>
    <type>f32</type>
    <default>0</default>
  </entry>
  <entry>
    <name>Unk24</name>
    <type>f32</type>
    <default>0</default>
  </entry>
  <entry>
    <name>Unk28</name>
    <type>f32</type>
    <default>0</default>
  </entry>
  <entry>
    <name>Unk2C</name>
    <type>f32</type>
    <default>0</default>
  </entry>
  <entry>
    <name>Unk30</name>
    <type>f32</type>
    <default>0</default>
  </entry>
  <entry>
    <name>Unk34</name>
    <type>f32</type>
    <default>0</default>
  </entry>
  <entry>
    <name>Unk38</name>
    <type>f32</type>
    <default>0</default>
  </entry>
  <entry>
    <name>Unk3C</name>
    <type>f32</type>
    <default>0</default>
  </entry>
  <entry>
    <name>Unk40</name>
    <type>f32</type>
    <default>0</default>
  </entry>
  <entry>
    <name>Unk44</name>
    <type>f32</type>
    <default>0</default>
  </entry>
  <entry>
    <name>Unk48</name>
    <type>f32</type>
    <default>0</default>
  </entry>
  
  <entry>
    <name>Unk4C</name>
    <type>u16</type>
    <default>0</default>
  </entry>
  <entry>
    <name>Unk4E</name>
    <type>u16</type>
    <default>0</default>
  </entry>
  
  <entry>
    <name>Unk50</name>
    <type>s32</type>
    <default>0</default>
  </entry>
  
  <entry>
    <name>Camera Noise Param ID</name>
    <type>s32</type>
    <default>0</default>
  </entry>
  
  <entry>
    <name>Pad Rumble Param ID</name>
    <type>s32</type>
    <default>0</default>
  </entry>
  
  <entry>
    <name>Unk5C</name>
    <type>f32</type>
    <default>0</default>
  </entry>
  <entry>
    <name>Unk60</name>
    <type>f32</type>
    <default>0</default>
  </entry>
  <entry>
    <name>Unk64</name>
    <type>f32</type>
    <default>0</default>
  </entry>
  <entry>
    <name>Unk68</name>
    <type>f32</type>
    <default>0</default>
  </entry>
  <entry>
    <name>Unk6C</name>
    <type>f32</type>
    <default>0</default>
  </entry>
  <entry>
    <name>Unk70</name>
    <type>f32</type>
    <default>0</default>
  </entry>
  <entry>
    <name>Unk74</name>
    <type>f32</type>
    <default>0</default>
  </entry>
  <entry>
    <name>Unk78</name>
    <type>f32</type>
    <default>0</default>
  </entry>
  <entry>
    <name>Unk7C</name>
    <type>f32</type>
    <default>0</default>
  </entry>
  <entry>
    <name>Unk80</name>
    <type>f32</type>
    <default>0</default>
  </entry>
  <entry>
    <name>Damage Window Category ID</name>
    <type>s32</type>
    <default>0</default>
  </entry>
  <entry>
    <name>Unk88</name>
    <type>f32</type>
    <default>0</default>
  </entry>
  <entry>
    <name>Unk8C</name>
    <type>f32</type>
    <default>0</default>
  </entry>
  <entry>
    <name>Unk90</name>
    <type>f32</type>
    <default>0</default>
  </entry>
  
  <entry>
    <name>Unk94</name>
    <type>u8</type>
    <default>0</default>
  </entry>
  <entry>
    <name>Unk95</name>
    <type>u8</type>
    <default>0</default>
  </entry>
  <entry>
    <name>Unk96</name>
    <type>u8</type>
    <default>0</default>
  </entry>
  <entry>
    <name>Unk97</name>
    <type>u8</type>
    <default>0</default>
  </entry>
  
  <entry>
    <name>Unk98</name>
    <type>f32</type>
    <default>0</default>
  </entry>
  <entry>
    <name>Unk9C</name>
    <type>f32</type>
    <default>0</default>
  </entry>
  <entry>
    <name>UnkA0</name>
    <type>f32</type>
    <default>0</default>
  </entry>
  <entry>
    <name>UnkA4</name>
    <type>f32</type>
    <default>0</default>
  </entry>
  <entry>
    <name>UnkA8</name>
    <type>f32</type>
    <default>0</default>
  </entry>
  <entry>
    <name>UnkAC</name>
    <type>f32</type>
    <default>0</default>
  </entry>
  <entry>
    <name>UnkB0</name>
    <type>f32</type>
    <default>0</default>
  </entry>
  <entry>
    <name>UnkB4</name>
    <type>f32</type>
    <default>0</default>
  </entry>
  <entry>
    <name>UnkB8</name>
    <type>f32</type>
    <default>0</default>
  </entry>
  <entry>
    <name>UnkBC</name>
    <type>f32</type>
    <default>0</default>
  </entry>
</layout>