<?xml version="1.0" encoding="utf-8"?>
<layout>
  <entry>
    <name>Unk00</name>
    <type>u8</type>
    <default>0</default>
  </entry>
  <entry>
    <name>Unk01</name>
    <type>u8</type>
    <default>0</default>
  </entry>
  <entry>
    <name>Unk02</name>
    <type>u8</type>
    <default>0</default>
  </entry>
  <entry>
    <name>Unk03</name>
    <type>u8</type>
    <default>0</default>
  </entry>
  <entry>
    <name>Unk04</name>
    <type>u8</type>
    <default>0</default>
  </entry>
  <entry>
    <name>Unk05</name>
    <type>u8</type>
    <default>0</default>
  </entry>
  <entry>
    <name>Unk06</name>
    <type>u8</type>
    <default>0</default>
  </entry>
  <entry>
    <name>Unk07</name>
    <type>u8</type>
    <default>0</default>
  </entry>
  <entry>
    <name>Unk08</name>
    <type>u8</type>
    <default>0</default>
  </entry>
  <entry>
    <name>Unk09</name>
    <type>u8</type>
    <default>0</default>
  </entry>
  <entry>
    <name>Unk0A</name>
    <type>u8</type>
    <default>0</default>
  </entry>
  <entry>
    <name>Unk0B</name>
    <type>u8</type>
    <default>0</default>
  </entry>
  <entry>
    <name>Unk0C</name>
    <type>u8</type>
    <default>0</default>
  </entry>
  <entry>
    <name>Unk0D</name>
    <type>u8</type>
    <default>0</default>
  </entry>
  <entry>
    <name>Unk0E</name>
    <type>u8</type>
    <default>0</default>
  </entry>
  <entry>
    <name>Unk0F</name>
    <type>u8</type>
    <default>0</default>
  </entry>
  <entry>
    <name>Unk10</name>
    <type>u8</type>
    <default>0</default>
  </entry>
  <entry>
    <name>Unk11</name>
    <type>u8</type>
    <default>0</default>
  </entry>
  <entry>
    <name>Unk12</name>
    <type>u8</type>
    <default>0</default>
  </entry>
  <entry>
    <name>Unk13</name>
    <type>u8</type>
    <default>0</default>
  </entry>
  <entry>
    <name>Unk14</name>
    <type>u8</type>
    <default>0</default>
  </entry>
  <entry>
    <name>Unk15</name>
    <type>u8</type>
    <default>0</default>
  </entry>
  <entry>
    <name>Unk16</name>
    <type>u8</type>
    <default>0</default>
  </entry>
  <entry>
    <name>Unk17</name>
    <type>u8</type>
    <default>0</default>
  </entry>
  <entry>
    <name>Unk18</name>
    <type>u8</type>
    <default>0</default>
  </entry>
  <entry>
    <name>Unk19</name>
    <type>u8</type>
    <default>0</default>
  </entry>
  <entry>
    <name>Unk1A</name>
    <type>u8</type>
    <default>0</default>
  </entry>
</layout>
