﻿<?xml version="1.0" encoding="utf-8"?>
<layout>
  <entry>
    <name>Armor ID</name>
    <type>s32</type>
    <default>0</default>
  </entry>
  
  <entry>
    <name>Unk04</name>
    <type>u8</type>
    <default>0</default>
  </entry>
  <entry>
    <name>Unk05</name>
    <type>u8</type>
    <default>0</default>
  </entry>
  <entry>
    <name>Unk06</name>
    <type>u8</type>
    <default>0</default>
  </entry>
  <entry>
    <name>Unk07</name>
    <type>u8</type>
    <default>0</default>
  </entry>
  
  <entry>
    <name>Unk08</name>
    <type>u8</type>
    <default>0</default>
  </entry>
  <entry>
    <name>Unk09</name>
    <type>u8</type>
    <default>0</default>
  </entry>
  <entry>
    <name>Unk0A</name>
    <type>u8</type>
    <default>0</default>
  </entry>
  <entry>
    <name>Unk0B</name>
    <type>u8</type>
    <default>0</default>
  </entry>
  
  <entry>
    <name>Unk0C</name>
    <type>u8</type>
    <default>0</default>
  </entry>
  <entry>
    <name>Unk0D</name>
    <type>u8</type>
    <default>0</default>
  </entry>
  <entry>
    <name>Unk0E</name>
    <type>u8</type>
    <default>0</default>
  </entry>
  <entry>
    <name>Unk0F</name>
    <type>u8</type>
    <default>0</default>
  </entry>
  
  <entry>
    <name>Unk10</name>
    <type>u8</type>
    <default>0</default>
  </entry>
  <entry>
    <name>Unk11</name>
    <type>u8</type>
    <default>0</default>
  </entry>
  <entry>
    <name>Unk12</name>
    <type>u8</type>
    <default>0</default>
  </entry>
  <entry>
    <name>Unk13</name>
    <type>u8</type>
    <default>0</default>
  </entry>
  
  <entry>
    <name>Unk14</name>
    <type>u8</type>
    <default>0</default>
  </entry>
  <entry>
    <name>Unk15</name>
    <type>u8</type>
    <default>0</default>
  </entry>
  <entry>
    <name>Unk16</name>
    <type>u8</type>
    <default>0</default>
  </entry>
  <entry>
    <name>Unk17</name>
    <type>u8</type>
    <default>0</default>
  </entry>
  
  <entry>
    <name>Unk18</name>
    <type>u8</type>
    <default>0</default>
  </entry>
  <entry>
    <name>Unk19</name>
    <type>u8</type>
    <default>0</default>
  </entry>
  <entry>
    <name>Unk1A</name>
    <type>u8</type>
    <default>0</default>
  </entry>
  <entry>
    <name>Unk1B</name>
    <type>u8</type>
    <default>0</default>
  </entry>
  
  <entry>
    <name>Unk1C</name>
    <type>u8</type>
    <default>0</default>
  </entry>
  <entry>
    <name>Unk1D</name>
    <type>u8</type>
    <default>0</default>
  </entry>
  <entry>
    <name>Unk1E</name>
    <type>u8</type>
    <default>0</default>
  </entry>
  <entry>
    <name>Unk1F</name>
    <type>u8</type>
    <default>0</default>
  </entry>
  
  <entry>
    <name>Unk20</name>
    <type>u8</type>
    <default>0</default>
  </entry>
  <entry>
    <name>Unk21</name>
    <type>u8</type>
    <default>0</default>
  </entry>
  <entry>
    <name>Unk22</name>
    <type>u8</type>
    <default>0</default>
  </entry>
  <entry>
    <name>Unk23</name>
    <type>u8</type>
    <default>0</default>
  </entry>
  
  <entry>
    <name>Unk24</name>
    <type>u8</type>
    <default>0</default>
  </entry>
  <entry>
    <name>Unk25</name>
    <type>u8</type>
    <default>0</default>
  </entry>
  <entry>
    <name>Unk26</name>
    <type>u8</type>
    <default>0</default>
  </entry>
  <entry>
    <name>Unk27</name>
    <type>u8</type>
    <default>0</default>
  </entry>
  
  <entry>
    <name>Unk28</name>
    <type>u8</type>
    <default>0</default>
  </entry>
  <entry>
    <name>Unk29</name>
    <type>u8</type>
    <default>0</default>
  </entry>
  <entry>
    <name>Unk2A</name>
    <type>u8</type>
    <default>0</default>
  </entry>
  <entry>
    <name>Unk2B</name>
    <type>u8</type>
    <default>0</default>
  </entry>
  
  <entry>
    <name>Unk2C</name>
    <type>u8</type>
    <default>0</default>
  </entry>
  <entry>
    <name>Unk2D</name>
    <type>u8</type>
    <default>0</default>
  </entry>
  <entry>
    <name>Unk2E</name>
    <type>u8</type>
    <default>0</default>
  </entry>
  <entry>
    <name>Unk2F</name>
    <type>u8</type>
    <default>0</default>
  </entry>
  
  <entry>
    <name>Unk30</name>
    <type>u8</type>
    <default>0</default>
  </entry>
  <entry>
    <name>Unk31</name>
    <type>u8</type>
    <default>0</default>
  </entry>
  <entry>
    <name>Unk32</name>
    <type>u8</type>
    <default>0</default>
  </entry>
  <entry>
    <name>Unk33</name>
    <type>u8</type>
    <default>0</default>
  </entry>
  
  <entry>
    <name>Unk34</name>
    <type>u8</type>
    <default>0</default>
  </entry>
  <entry>
    <name>Unk35</name>
    <type>u8</type>
    <default>0</default>
  </entry>
  <entry>
    <name>Unk36</name>
    <type>u8</type>
    <default>0</default>
  </entry>
  <entry>
    <name>Unk37</name>
    <type>u8</type>
    <default>0</default>
  </entry>
  
  <entry>
    <name>Unk38</name>
    <type>u8</type>
    <default>0</default>
  </entry>
  <entry>
    <name>Unk39</name>
    <type>u8</type>
    <default>0</default>
  </entry>
  <entry>
    <name>Unk3A</name>
    <type>u8</type>
    <default>0</default>
  </entry>
  <entry>
    <name>Unk3B</name>
    <type>u8</type>
    <default>0</default>
  </entry>
  
  <entry>
    <name>Unk3C</name>
    <type>u8</type>
    <default>0</default>
  </entry>
  <entry>
    <name>Unk3D</name>
    <type>u8</type>
    <default>0</default>
  </entry>
  <entry>
    <name>Unk3E</name>
    <type>u8</type>
    <default>0</default>
  </entry>
  <entry>
    <name>Unk3F</name>
    <type>u8</type>
    <default>0</default>
  </entry>
  
  <entry>
    <name>Unk40</name>
    <type>u8</type>
    <default>0</default>
  </entry>
  <entry>
    <name>Unk41</name>
    <type>u8</type>
    <default>0</default>
  </entry>
  <entry>
    <name>Unk42</name>
    <type>u8</type>
    <default>0</default>
  </entry>
  <entry>
    <name>Unk43</name>
    <type>u8</type>
    <default>0</default>
  </entry>
  
  <entry>
    <name>Unk44</name>
    <type>u8</type>
    <default>0</default>
  </entry>
  <entry>
    <name>Unk45</name>
    <type>u8</type>
    <default>0</default>
  </entry>
  <entry>
    <name>Unk46</name>
    <type>u8</type>
    <default>0</default>
  </entry>
  <entry>
    <name>Unk47</name>
    <type>u8</type>
    <default>0</default>
  </entry>
  
  <entry>
    <name>Unk48</name>
    <type>u8</type>
    <default>0</default>
  </entry>
  <entry>
    <name>Unk49</name>
    <type>u8</type>
    <default>0</default>
  </entry>
  <entry>
    <name>Unk4A</name>
    <type>u8</type>
    <default>0</default>
  </entry>
  <entry>
    <name>Unk4B</name>
    <type>u8</type>
    <default>0</default>
  </entry>
  
  <entry>
    <name>Unk4C</name>
    <type>u8</type>
    <default>0</default>
  </entry>
  <entry>
    <name>Unk4D</name>
    <type>u8</type>
    <default>0</default>
  </entry>
  <entry>
    <name>Unk4E</name>
    <type>u8</type>
    <default>0</default>
  </entry>
  <entry>
    <name>Unk4F</name>
    <type>u8</type>
    <default>0</default>
  </entry>
  
  <entry>
    <name>Unk50</name>
    <type>u8</type>
    <default>0</default>
  </entry>
  <entry>
    <name>Unk51</name>
    <type>u8</type>
    <default>0</default>
  </entry>
  <entry>
    <name>Unk52</name>
    <type>u8</type>
    <default>0</default>
  </entry>
  <entry>
    <name>Unk53</name>
    <type>u8</type>
    <default>0</default>
  </entry>
  
  <entry>
    <name>Unk54</name>
    <type>u8</type>
    <default>0</default>
  </entry>
  <entry>
    <name>Unk55</name>
    <type>u8</type>
    <default>0</default>
  </entry>
  <entry>
    <name>Unk56</name>
    <type>u8</type>
    <default>0</default>
  </entry>
  <entry>
    <name>Unk57</name>
    <type>u8</type>
    <default>0</default>
  </entry>
  
  <entry>
    <name>Unk58</name>
    <type>u8</type>
    <default>0</default>
  </entry>
  <entry>
    <name>Unk59</name>
    <type>u8</type>
    <default>0</default>
  </entry>
  <entry>
    <name>Unk5A</name>
    <type>u8</type>
    <default>0</default>
  </entry>
  <entry>
    <name>Unk5B</name>
    <type>u8</type>
    <default>0</default>
  </entry>
  
  <entry>
    <name>Unk5C</name>
    <type>u8</type>
    <default>0</default>
  </entry>
  <entry>
    <name>Unk5D</name>
    <type>u8</type>
    <default>0</default>
  </entry>
  <entry>
    <name>Unk5E</name>
    <type>u8</type>
    <default>0</default>
  </entry>
  <entry>
    <name>Unk5F</name>
    <type>u8</type>
    <default>0</default>
  </entry>
  
  <entry>
    <name>Unk60</name>
    <type>u8</type>
    <default>0</default>
  </entry>
  <entry>
    <name>Unk61</name>
    <type>u8</type>
    <default>0</default>
  </entry>
  <entry>
    <name>Unk62</name>
    <type>u8</type>
    <default>0</default>
  </entry>
  <entry>
    <name>Unk63</name>
    <type>u8</type>
    <default>0</default>
  </entry>
  
  <entry>
    <name>Unk64</name>
    <type>u8</type>
    <default>0</default>
  </entry>
  <entry>
    <name>Unk65</name>
    <type>u8</type>
    <default>0</default>
  </entry>
  <entry>
    <name>Unk66</name>
    <type>u8</type>
    <default>0</default>
  </entry>
  <entry>
    <name>Unk67</name>
    <type>u8</type>
    <default>0</default>
  </entry>
  
  <entry>
    <name>Unk68</name>
    <type>u8</type>
    <default>0</default>
  </entry>
  <entry>
    <name>Unk69</name>
    <type>u8</type>
    <default>0</default>
  </entry>
  <entry>
    <name>Unk6A</name>
    <type>u8</type>
    <default>0</default>
  </entry>
  <entry>
    <name>Unk6B</name>
    <type>u8</type>
    <default>0</default>
  </entry>
  
  <entry>
    <name>Unk6C</name>
    <type>u8</type>
    <default>0</default>
  </entry>
  <entry>
    <name>Unk6D</name>
    <type>u8</type>
    <default>0</default>
  </entry>
  <entry>
    <name>Unk6E</name>
    <type>u8</type>
    <default>0</default>
  </entry>
  <entry>
    <name>Unk6F</name>
    <type>u8</type>
    <default>0</default>
  </entry>
  
  <entry>
    <name>Unk70</name>
    <type>u8</type>
    <default>0</default>
  </entry>
  <entry>
    <name>Unk71</name>
    <type>u8</type>
    <default>0</default>
  </entry>
  <entry>
    <name>Unk72</name>
    <type>u8</type>
    <default>0</default>
  </entry>
  <entry>
    <name>Unk73</name>
    <type>u8</type>
    <default>0</default>
  </entry>
  
  <entry>
    <name>Unk74</name>
    <type>u8</type>
    <default>0</default>
  </entry>
  <entry>
    <name>Unk75</name>
    <type>u8</type>
    <default>0</default>
  </entry>
  <entry>
    <name>Unk76</name>
    <type>u8</type>
    <default>0</default>
  </entry>
  <entry>
    <name>Unk77</name>
    <type>u8</type>
    <default>0</default>
  </entry>
  
  <entry>
    <name>Unk78</name>
    <type>u8</type>
    <default>0</default>
  </entry>
  <entry>
    <name>Unk79</name>
    <type>u8</type>
    <default>0</default>
  </entry>
  <entry>
    <name>Unk7A</name>
    <type>u8</type>
    <default>0</default>
  </entry>
  <entry>
    <name>Unk7B</name>
    <type>u8</type>
    <default>0</default>
  </entry>
  
  <entry>
    <name>Unk7C</name>
    <type>u8</type>
    <default>0</default>
  </entry>
  <entry>
    <name>Unk7D</name>
    <type>u8</type>
    <default>0</default>
  </entry>
  <entry>
    <name>Unk7E</name>
    <type>u8</type>
    <default>0</default>
  </entry>
  <entry>
    <name>Unk7F</name>
    <type>u8</type>
    <default>0</default>
  </entry>
  
  <entry>
    <name>Unk80</name>
    <type>u8</type>
    <default>0</default>
  </entry>
  <entry>
    <name>Unk81</name>
    <type>u8</type>
    <default>0</default>
  </entry>
  <entry>
    <name>Unk82</name>
    <type>u8</type>
    <default>0</default>
  </entry>
  <entry>
    <name>Unk83</name>
    <type>u8</type>
    <default>0</default>
  </entry>
  
  <entry>
    <name>Unk84</name>
    <type>u8</type>
    <default>0</default>
  </entry>
  <entry>
    <name>Unk85</name>
    <type>u8</type>
    <default>0</default>
  </entry>
  <entry>
    <name>Unk86</name>
    <type>u8</type>
    <default>0</default>
  </entry>
  <entry>
    <name>Unk87</name>
    <type>u8</type>
    <default>0</default>
  </entry>
  
  <entry>
    <name>Unk88</name>
    <type>u8</type>
    <default>0</default>
  </entry>
  <entry>
    <name>Unk89</name>
    <type>u8</type>
    <default>0</default>
  </entry>
  <entry>
    <name>Unk8A</name>
    <type>u8</type>
    <default>0</default>
  </entry>
  <entry>
    <name>Unk8B</name>
    <type>u8</type>
    <default>0</default>
  </entry>
  
  <entry>
    <name>Unk8C</name>
    <type>u8</type>
    <default>0</default>
  </entry>
  <entry>
    <name>Unk8D</name>
    <type>u8</type>
    <default>0</default>
  </entry>
  <entry>
    <name>Unk8E</name>
    <type>u8</type>
    <default>0</default>
  </entry>
  <entry>
    <name>Unk8F</name>
    <type>u8</type>
    <default>0</default>
  </entry>
  
  <entry>
    <name>Unk90</name>
    <type>u8</type>
    <default>0</default>
  </entry>
  <entry>
    <name>Unk91</name>
    <type>u8</type>
    <default>0</default>
  </entry>
  <entry>
    <name>Unk92</name>
    <type>u8</type>
    <default>0</default>
  </entry>
  <entry>
    <name>Unk93</name>
    <type>u8</type>
    <default>0</default>
  </entry>
  
</layout>