﻿<?xml version="1.0" encoding="utf-8"?>
<layout>
  <entry>
    <name>Event ID</name>
    <type>s32</type>
    <default>0</default>
  </entry>
  <entry>
    <name>Event Flag ID</name>
    <type>s32</type>
    <default>0</default>
  </entry>

  <entry>
    <name>Unk08</name>
    <type>u8</type>
    <default>0</default>
  </entry>
  <entry>
    <name>Unk09</name>
    <type>u8</type>
    <default>0</default>
  </entry>
  <entry>
    <name>Unk0A</name>
    <type>u8</type>
    <default>0</default>
  </entry>
  <entry>
    <name>Unk0B</name>
    <type>u8</type>
    <default>0</default>
  </entry>

  <entry>
    <name>Unk0C</name>
    <type>u8</type>
    <default>0</default>
  </entry>
  <entry>
    <name>Unk0D</name>
    <type>u8</type>
    <default>0</default>
  </entry>
  <entry>
    <name>Unk0E</name>
    <type>u8</type>
    <default>0</default>
  </entry>
  <entry>
    <name>Unk0F</name>
    <type>u8</type>
    <default>0</default>
  </entry>
</layout>