﻿<?xml version="1.0" encoding="utf-8"?>
<layout>
  <entry>
    <name>PositionX</name>
    <type>f32</type>
    <default>0</default>
  </entry>
  <entry>
    <name>PositionY</name>
    <type>f32</type>
    <default>0</default>
  </entry>
  <entry>
    <name>PositionZ</name>
    <type>f32</type>
    <default>0</default>
  </entry>
  <entry>
    <name>RotationX</name>
    <type>f32</type>
    <default>0</default>
  </entry>
  <entry>
    <name>RotationY</name>
    <type>f32</type>
    <default>0</default>
  </entry>
  <entry>
    <name>RotationZ</name>
    <type>f32</type>
    <default>0</default>
  </entry>
  <entry>
    <name>RegionTypeMaybe</name>
    <type>x8</type>
    <default>0</default>
  </entry>
  <entry>
    <name>Unk19</name>
    <type>x8</type>
    <default>0</default>
  </entry>
  <entry>
    <name>Unk1A</name>
    <type>x8</type>
    <default>0</default>
  </entry>
  <entry>
    <name>Unk1B</name>
    <type>x8</type>
    <default>0</default>
  </entry>
  <entry>
    <name>ScaleX</name>
    <type>f32</type>
    <default>0</default>
  </entry>
  <entry>
    <name>ScaleY</name>
    <type>f32</type>
    <default>0</default>
  </entry>
  <entry>
    <name>ScaleZ</name>
    <type>f32</type>
    <default>0</default>
  </entry>
  <entry>
    <name>Unk28</name>
    <type>u16</type>
    <default>0</default>
  </entry>
  <entry>
    <name>Unk2A</name>
    <type>u16</type>
    <default>0</default>
  </entry>
  <entry>
    <name>Unk2C</name>
    <type>u32</type>
    <default>0</default>
  </entry>
</layout>