﻿<?xml version="1.0" encoding="utf-8"?>
<layout>
  <entry>
    <name>Unk</name>
    <type>u8</type>
    <default>0</default>
  </entry>
  <entry>
    <name>Unk</name>
    <type>u8</type>
    <default>0</default>
  </entry>
  <entry>
    <name>Unk</name>
    <type>u8</type>
    <default>0</default>
  </entry>
  <entry>
    <name>Unk</name>
    <type>u8</type>
    <default>0</default>
  </entry>
  <entry>
    <name>Amount - Lot 1</name>
    <type>u8</type>
    <default>0</default>
  </entry>
  <entry>
    <name>Amount - Lot 2</name>
    <type>u8</type>
    <default>0</default>
  </entry>
  <entry>
    <name>Amount - Lot 3</name>
    <type>u8</type>
    <default>0</default>
  </entry>
  <entry>
    <name>Amount - Lot 4</name>
    <type>u8</type>
    <default>0</default>
  </entry>
  <entry>
    <name>Amount - Lot 5</name>
    <type>u8</type>
    <default>0</default>
  </entry>
  <entry>
    <name>Amount - Lot 6</name>
    <type>u8</type>
    <default>0</default>
  </entry>
  <entry>
    <name>Amount - Lot 7</name>
    <type>u8</type>
    <default>0</default>
  </entry>
  <entry>
    <name>Amount - Lot 8</name>
    <type>u8</type>
    <default>0</default>
  </entry>
  <entry>
    <name>Amount - Lot 9</name>
    <type>u8</type>
    <default>0</default>
  </entry>
  <entry>
    <name>Amount - Lot 10</name>
    <type>u8</type>
    <default>0</default>
  </entry>
  <entry>
    <name>Reinforcement - Lot 1</name>
    <type>u8</type>
    <default>0</default>
  </entry>
  <entry>
    <name>Reinforcement - Lot 2</name>
    <type>u8</type>
    <default>0</default>
  </entry>
  <entry>
    <name>Reinforcement - Lot 3</name>
    <type>u8</type>
    <default>0</default>
  </entry>
  <entry>
    <name>Reinforcement - Lot 4</name>
    <type>u8</type>
    <default>0</default>
  </entry>
  <entry>
    <name>Reinforcement - Lot 5</name>
    <type>u8</type>
    <default>0</default>
  </entry>
  <entry>
    <name>Reinforcement - Lot 6</name>
    <type>u8</type>
    <default>0</default>
  </entry>
  <entry>
    <name>Reinforcement - Lot 7</name>
    <type>u8</type>
    <default>0</default>
  </entry>
  <entry>
    <name>Reinforcement - Lot 8</name>
    <type>u8</type>
    <default>0</default>
  </entry>
  <entry>
    <name>Reinforcement - Lot 9</name>
    <type>u8</type>
    <default>0</default>
  </entry>
  <entry>
    <name>Reinforcement - Lot 10</name>
    <type>u8</type>
    <default>0</default>
  </entry>
  <entry>
    <name>Infusion - Lot 1</name>
    <type>u8</type>
    <default>0</default>
  </entry>
  <entry>
    <name>Infusion - Lot 2</name>
    <type>u8</type>
    <default>0</default>
  </entry>
  <entry>
    <name>Infusion - Lot 3</name>
    <type>u8</type>
    <default>0</default>
  </entry>
  <entry>
    <name>Infusion - Lot 4</name>
    <type>u8</type>
    <default>0</default>
  </entry>
  <entry>
    <name>Infusion - Lot 5</name>
    <type>u8</type>
    <default>0</default>
  </entry>
  <entry>
    <name>Infusion - Lot 6</name>
    <type>u8</type>
    <default>0</default>
  </entry>
  <entry>
    <name>Infusion - Lot 7</name>
    <type>u8</type>
    <default>0</default>
  </entry>
  <entry>
    <name>Infusion - Lot 8</name>
    <type>u8</type>
    <default>0</default>
  </entry>
  <entry>
    <name>Infusion - Lot 9</name>
    <type>u8</type>
    <default>0</default>
  </entry>
  <entry>
    <name>Infusion - Lot 10</name>
    <type>u8</type>
    <default>0</default>
  </entry>
  <entry>
    <name>Unk3 - Lot 1</name>
    <type>u8</type>
    <default>0</default>
  </entry>
  <entry>
    <name>Unk3 - Lot 2</name>
    <type>u8</type>
    <default>0</default>
  </entry>
  <entry>
    <name>Unk3 - Lot 3</name>
    <type>u8</type>
    <default>0</default>
  </entry>
  <entry>
    <name>Unk3 - Lot 4</name>
    <type>u8</type>
    <default>0</default>
  </entry>
  <entry>
    <name>Unk3 - Lot 5</name>
    <type>u8</type>
    <default>0</default>
  </entry>
  <entry>
    <name>Unk3 - Lot 6</name>
    <type>u8</type>
    <default>0</default>
  </entry>
  <entry>
    <name>Unk3 - Lot 7</name>
    <type>u8</type>
    <default>0</default>
  </entry>
  <entry>
    <name>Unk3 - Lot 8</name>
    <type>u8</type>
    <default>0</default>
  </entry>
  <entry>
    <name>Unk3 - Lot 9</name>
    <type>u8</type>
    <default>0</default>
  </entry>
  <entry>
    <name>Unk3 - Lot 10</name>
    <type>u8</type>
    <default>0</default>
  </entry>
  <entry>
    <name>Lot 1</name>
    <type>s32</type>
    <default>60510000</default>
  </entry>
  <entry>
    <name>Lot 2</name>
    <type>s32</type>
    <default>60510000</default>
  </entry>
  <entry>
    <name>Lot 3</name>
    <type>s32</type>
    <default>60510000</default>
  </entry>
  <entry>
    <name>Lot 4</name>
    <type>s32</type>
    <default>60510000</default>
  </entry>
  <entry>
    <name>Lot 5</name>
    <type>s32</type>
    <default>60510000</default>
  </entry>
  <entry>
    <name>Lot 6</name>
    <type>s32</type>
    <default>60510000</default>
  </entry>
  <entry>
    <name>Lot 7</name>
    <type>s32</type>
    <default>60510000</default>
  </entry>
  <entry>
    <name>Lot 8</name>
    <type>s32</type>
    <default>60510000</default>
  </entry>
  <entry>
    <name>Lot 9</name>
    <type>s32</type>
    <default>60510000</default>
  </entry>
  <entry>
    <name>Lot 10</name>
    <type>s32</type>
    <default>60510000</default>
  </entry>
  <entry>
    <name>Chance - Lot 1</name>
    <type>f32</type>
    <default>0</default>
  </entry>
  <entry>
    <name>Chance - Lot 2</name>
    <type>f32</type>
    <default>0</default>
  </entry>
  <entry>
    <name>Chance - Lot 3</name>
    <type>f32</type>
    <default>0</default>
  </entry>
  <entry>
    <name>Chance - Lot 4</name>
    <type>f32</type>
    <default>0</default>
  </entry>
  <entry>
    <name>Chance - Lot 5</name>
    <type>f32</type>
    <default>0</default>
  </entry>
  <entry>
    <name>Chance - Lot 6</name>
    <type>f32</type>
    <default>0</default>
  </entry>
  <entry>
    <name>Chance - Lot 7</name>
    <type>f32</type>
    <default>0</default>
  </entry>
  <entry>
    <name>Chance - Lot 8</name>
    <type>f32</type>
    <default>0</default>
  </entry>
  <entry>
    <name>Chance - Lot 9</name>
    <type>f32</type>
    <default>0</default>
  </entry>
  <entry>
    <name>Chance - Lot 10</name>
    <type>f32</type>
    <default>0</default>
  </entry>
</layout>
