<?xml version="1.0" encoding="utf-8"?>
<layout>  
  <entry>
    <name>HP</name>
    <type>u16</type>
    <default>0</default>
  </entry>
  <entry>
    <name>Stamina</name>
    <type>u16</type>
    <default>0</default>
  </entry>
  <entry>
    <name>Human HP</name>
    <type>u16</type>
    <default>0</default>
  </entry>
  <entry>
    <name>Attunement Slots</name>
    <type>u16</type>
    <default>0</default>
  </entry>
  <entry>
    <name>Cast Speed</name>
    <type>u16</type>
    <default>0</default>
  </entry>
  <entry>
    <name>Strength Bonus</name>
    <type>u16</type>
    <default>0</default>
  </entry>
  <entry>
    <name>Dexterity Bonus</name>
    <type>u16</type>
    <default>0</default>
  </entry>
  <entry>
    <name>Magic Bonus</name>
    <type>u16</type>
    <default>0</default>
  </entry>
  <entry>
    <name>Fire Bonus</name>
    <type>u16</type>
    <default>0</default>
  </entry>
  <entry>
    <name>Lightning Bonus</name>
    <type>u16</type>
    <default>0</default>
  </entry>
  <entry>
    <name>Dark Bonus</name>
    <type>u16</type>
    <default>0</default>
  </entry>
  <entry>
    <name>Poison Bonus</name>
    <type>u16</type>
    <default>0</default>
  </entry>
  <entry>
    <name>Bleed Bonus</name>
    <type>u16</type>
    <default>0</default>
  </entry>
  <entry>
    <name>Unk1C</name>
    <type>u16</type>
    <default>0</default>
  </entry>
  <entry>
    <name>Physical Defense</name>
    <type>u16</type>
    <default>0</default>
  </entry>
  <entry>
    <name>Magic Defense</name>
    <type>u16</type>
    <default>0</default>
  </entry>
  <entry>
    <name>Fire Defense</name>
    <type>u16</type>
    <default>0</default>
  </entry>
  <entry>
    <name>Lightning Defense</name>
    <type>u16</type>
    <default>0</default>
  </entry>
  <entry>
    <name>Dark Defense</name>
    <type>u16</type>
    <default>0</default>
  </entry>
  <entry>
    <name>Poison Resist</name>
    <type>u16</type>
    <default>0</default>
  </entry>
  <entry>
    <name>Bleed Resist</name>
    <type>u16</type>
    <default>0</default>
  </entry>
  <entry>
    <name>Petrify Resist</name>
    <type>u16</type>
    <default>0</default>
  </entry>
  <entry>
    <name>Curse Resist</name>
    <type>u16</type>
    <default>0</default>
  </entry>
  <entry>
    <name>Unk24</name>
    <type>u16</type>
    <default>0</default>
  </entry>
  <entry>
    <name>Unk28</name>
    <type>u16</type>
    <default>0</default>
  </entry>
  <entry>
    <name>Agility</name>
    <type>u16</type>
    <default>0</default>
  </entry>
  <entry>
    <name>Mundane Bonus</name>
    <type>u16</type>
    <default>0</default>
  </entry>
  <entry>
    <name>Unk30</name>
    <type>u16</type>
    <default>0</default>
  </entry>
  <entry>
    <name>Max Equip Load</name>
    <type>f32</type>
    <default>0</default>
  </entry>
</layout>
