﻿<?xml version="1.0" encoding="utf-8"?>
<layout>
  <entry>
    <name>Unk00</name>
    <type>u8</type>
    <default>0</default>
  </entry>
  <entry>
    <name>Unk00</name>
    <type>u8</type>
    <default>0</default>
  </entry>
  <entry>
    <name>Unk00</name>
    <type>u8</type>
    <default>0</default>
  </entry>
  <entry>
    <name>Unk00</name>
    <type>u8</type>
    <default>0</default>
  </entry>
  <entry>
    <name>Unk00</name>
    <type>u8</type>
    <default>0</default>
  </entry>
  <entry>
    <name>Unk00</name>
    <type>u8</type>
    <default>0</default>
  </entry>
  <entry>
    <name>Unk00</name>
    <type>u8</type>
    <default>0</default>
  </entry>
  <entry>
    <name>Unk00</name>
    <type>u8</type>
    <default>0</default>
  </entry>
  <entry>
    <name>Text ID</name>
    <type>s32</type>
    <default>0</default>
  </entry>
</layout>