﻿<?xml version="1.0" encoding="utf-8"?>
<layout>
  <entry>
    <name>Message Type</name>
    <type>s32</type>
    <default>0</default>
  </entry>
  <entry>
    <name>Message ID 0</name>
    <type>s32</type>
    <default>0</default>
  </entry>
  <entry>
    <name>Message ID 1</name>
    <type>s32</type>
    <default>0</default>
  </entry>
  <entry>
    <name>Message ID 2</name>
    <type>s32</type>
    <default>0</default>
  </entry>
  <entry>
    <name>Message ID 3</name>
    <type>s32</type>
    <default>0</default>
  </entry>
  <entry>
    <name>Message ID 4</name>
    <type>s32</type>
    <default>0</default>
  </entry>
  <entry>
    <name>Message ID 5</name>
    <type>s32</type>
    <default>0</default>
  </entry>
  <entry>
    <name>Message ID 6</name>
    <type>s32</type>
    <default>0</default>
  </entry>
  <entry>
    <name>Message ID 7</name>
    <type>s32</type>
    <default>0</default>
  </entry>
  <entry>
    <name>Message ID 8</name>
    <type>s32</type>
    <default>0</default>
  </entry>
  <entry>
    <name>Message ID 9</name>
    <type>s32</type>
    <default>0</default>
  </entry>
  <entry>
    <name>Message ID 10</name>
    <type>s32</type>
    <default>0</default>
  </entry>
  <entry>
    <name>Message ID 11</name>
    <type>s32</type>
    <default>0</default>
  </entry>
  <entry>
    <name>Message ID 12</name>
    <type>s32</type>
    <default>0</default>
  </entry>
  <entry>
    <name>Message ID 13</name>
    <type>s32</type>
    <default>0</default>
  </entry>
  <entry>
    <name>Message ID 14</name>
    <type>s32</type>
    <default>0</default>
  </entry>
  <entry>
    <name>Message ID 15</name>
    <type>s32</type>
    <default>0</default>
  </entry>
  <entry>
    <name>Message ID 16</name>
    <type>s32</type>
    <default>0</default>
  </entry>
  <entry>
    <name>Message ID 17</name>
    <type>s32</type>
    <default>0</default>
  </entry>
  <entry>
    <name>Message ID 18</name>
    <type>s32</type>
    <default>0</default>
  </entry>
  <entry>
    <name>Message ID 19</name>
    <type>s32</type>
    <default>0</default>
  </entry>
  <entry>
    <name>Message ID 20</name>
    <type>s32</type>
    <default>0</default>
  </entry>
</layout>