﻿<?xml version="1.0" encoding="utf-8"?>
<layout>
  <entry>
    <name>Unk00</name>
    <type>u16</type>
    <default>0</default>
  </entry>
  <entry>
    <name>Unk00</name>
    <type>u16</type>
    <default>0</default>
  </entry>
  <entry>
    <name>Name ID</name>
    <type>s32</type>
    <default>0</default>
  </entry>
  <entry>
    <name>Soul Level</name>
    <type>u8</type>
    <default>0</default>
  </entry>
  <entry>
    <name>Vigor</name>
    <type>u8</type>
    <default>0</default>
  </entry>
  <entry>
    <name>Unk</name>
    <type>u8</type>
    <default>0</default>
  </entry>
  <entry>
    <name>Endurance</name>
    <type>u8</type>
    <default>0</default>
  </entry>
  <entry>
    <name>Attunement</name>
    <type>u8</type>
    <default>0</default>
  </entry>
  <entry>
    <name>Vitality</name>
    <type>u8</type>
    <default>0</default>
  </entry>
  <entry>
    <name>Strength</name>
    <type>u8</type>
    <default>0</default>
  </entry>
  <entry>
    <name>Dexterity</name>
    <type>u8</type>
    <default>0</default>
  </entry>
  <entry>
    <name>Intelligence</name>
    <type>u8</type>
    <default>0</default>
  </entry>
  <entry>
    <name>Faith</name>
    <type>u8</type>
    <default>0</default>
  </entry>
  <entry>
    <name>Adaptability</name>
    <type>u8</type>
    <default>0</default>
  </entry>
  <entry>
    <name>Unk10</name>
    <type>u8</type>
    <default>0</default>
  </entry>
  <entry>
    <name>Unk14</name>
    <type>f32</type>
    <default>0</default>
  </entry>
  <entry>
    <name>Unk18</name>
    <type>f32</type>
    <default>0</default>
  </entry>
  <entry>
    <name>Unk1C</name>
    <type>u8</type>
    <default>0</default>
  </entry>
  <entry>
    <name>Unk1C</name>
    <type>u8</type>
    <default>0</default>
  </entry>
  <entry>
    <name>Unk1C</name>
    <type>u8</type>
    <default>0</default>
  </entry>
  <entry>
    <name>Unk1C</name>
    <type>u8</type>
    <default>0</default>
  </entry>
  <entry>
    <name>Item 1 ID</name>
    <type>s32</type>
    <default>0</default>
  </entry>
  <entry>
    <name>Item 2 ID</name>
    <type>s32</type>
    <default>0</default>
  </entry>
  <entry>
    <name>Item 3 ID</name>
    <type>s32</type>
    <default>0</default>
  </entry>
  <entry>
    <name>Item 4 ID</name>
    <type>s32</type>
    <default>0</default>
  </entry>
  <entry>
    <name>Item 5 ID</name>
    <type>s32</type>
    <default>0</default>
  </entry>
  <entry>
    <name>Item 6 ID</name>
    <type>s32</type>
    <default>0</default>
  </entry>
  <entry>
    <name>Item 7 ID</name>
    <type>s32</type>
    <default>0</default>
  </entry>
  <entry>
    <name>Item 8 ID</name>
    <type>s32</type>
    <default>0</default>
  </entry>
  <entry>
    <name>Item 9 ID</name>
    <type>s32</type>
    <default>0</default>
  </entry>
  <entry>
    <name>Spell 1 ID</name>
    <type>s32</type>
    <default>0</default>
  </entry>
  <entry>
    <name>Spell 2 ID</name>
    <type>s32</type>
    <default>0</default>
  </entry>
  <entry>
    <name>Spell 3 ID</name>
    <type>s32</type>
    <default>0</default>
  </entry>
  <entry>
    <name>Spell 4 ID</name>
    <type>s32</type>
    <default>0</default>
  </entry>
  <entry>
    <name>Spell 5 ID</name>
    <type>s32</type>
    <default>0</default>
  </entry>
  <entry>
    <name>Spell 6 ID</name>
    <type>s32</type>
    <default>0</default>
  </entry>
  <entry>
    <name>Spell 7 ID</name>
    <type>s32</type>
    <default>0</default>
  </entry>
  <entry>
    <name>Spell 8 ID</name>
    <type>s32</type>
    <default>0</default>
  </entry>
  <entry>
    <name>Spell 9 ID</name>
    <type>s32</type>
    <default>0</default>
  </entry>
  <entry>
    <name>Spell 10 ID</name>
    <type>s32</type>
    <default>0</default>
  </entry>
  <entry>
    <name>Right Weapon ID</name>
    <type>s32</type>
    <default>0</default>
  </entry>
  <entry>
    <name>Right Weapon ID</name>
    <type>s32</type>
    <default>0</default>
  </entry>
  <entry>
    <name>Right Weapon ID</name>
    <type>s32</type>
    <default>0</default>
  </entry>
  <entry>
    <name>Left Weapon ID</name>
    <type>s32</type>
    <default>0</default>
  </entry>
  <entry>
    <name>Left Weapon ID</name>
    <type>s32</type>
    <default>0</default>
  </entry>
  <entry>
    <name>Left Weapon ID</name>
    <type>s32</type>
    <default>0</default>
  </entry>
  <entry>
    <name>Head Armor ID</name>
    <type>s32</type>
    <default>0</default>
  </entry>
  <entry>
    <name>Chest Armor ID</name>
    <type>s32</type>
    <default>0</default>
  </entry>
  <entry>
    <name>Hands Armor ID</name>
    <type>s32</type>
    <default>0</default>
  </entry>
  <entry>
    <name>Legs Armor ID</name>
    <type>s32</type>
    <default>0</default>
  </entry>
  <entry>
    <name>Unk94</name>
    <type>s32</type>
    <default>0</default>
  </entry>
  <entry>
    <name>Unk98</name>
    <type>s32</type>
    <default>0</default>
  </entry>
  <entry>
    <name>Unk9C</name>
    <type>s32</type>
    <default>0</default>
  </entry>
  <entry>
    <name>UnkA0</name>
    <type>s32</type>
    <default>0</default>
  </entry>
  <entry>
    <name>Arrow ID 1</name>
    <type>s32</type>
    <default>0</default>
  </entry>
  <entry>
    <name>Arrow ID 2</name>
    <type>s32</type>
    <default>0</default>
  </entry>
  <entry>
    <name>Bolt ID 1</name>
    <type>s32</type>
    <default>0</default>
  </entry>
  <entry>
    <name>Bolt ID 2</name>
    <type>s32</type>
    <default>0</default>
  </entry>
  <entry>
    <name>Gesture 1 ID</name>
    <type>s32</type>
    <default>0</default>
  </entry>
  <entry>
    <name>Gesture 2 ID</name>
    <type>s32</type>
    <default>0</default>
  </entry>
  <entry>
    <name>Gesture 3 ID</name>
    <type>s32</type>
    <default>0</default>
  </entry>
  <entry>
    <name>Gesture 4 ID</name>
    <type>s32</type>
    <default>0</default>
  </entry>
  <entry>
    <name>Gesture 5 ID</name>
    <type>s32</type>
    <default>0</default>
  </entry>
  <entry>
    <name>Gesture 6 ID</name>
    <type>s32</type>
    <default>0</default>
  </entry>
  <entry>
    <name>Gesture 7 ID</name>
    <type>s32</type>
    <default>0</default>
  </entry>
  <entry>
    <name>Gesture 8 ID</name>
    <type>s32</type>
    <default>0</default>
  </entry>
</layout>