﻿<?xml version="1.0" encoding="utf-8"?>
<layout>
  <entry>
    <name>NPC ID</name>
    <type>s32</type>
    <default>0</default>
  </entry>
  <entry>
    <name>Unk04</name>
    <type>s32</type>
    <default>0</default>
  </entry>
  <entry>
    <name>Unk08</name>
    <type>s32</type>
    <default>0</default>
  </entry>
  <entry>
    <name>Unk0C</name>
    <type>f32</type>
    <default>0</default>
  </entry>
  <entry>
    <name>Unk10</name>
    <type>f32</type>
    <default>0</default>
  </entry>
  <entry>
    <name>Unk14</name>
    <type>f32</type>
    <default>0</default>
  </entry>
  <entry>
    <name>Unk18</name>
    <type>s32</type>
    <default>0</default>
  </entry>
  <entry>
    <name>Right Weapon ID</name>
    <type>s32</type>
    <default>0</default>
  </entry>
  <entry>
    <name>Right Weapon ID</name>
    <type>s32</type>
    <default>0</default>
  </entry>
  <entry>
    <name>Right Weapon ID</name>
    <type>s32</type>
    <default>0</default>
  </entry>
  <entry>
    <name>Left Weapon ID</name>
    <type>s32</type>
    <default>0</default>
  </entry>
  <entry>
    <name>Left Weapon ID</name>
    <type>s32</type>
    <default>0</default>
  </entry>
  <entry>
    <name>Left Weapon ID</name>
    <type>s32</type>
    <default>0</default>
  </entry>
  <entry>
    <name>Head Armor ID</name>
    <type>s32</type>
    <default>0</default>
  </entry>
  <entry>
    <name>Chest Armor ID</name>
    <type>s32</type>
    <default>0</default>
  </entry>
  <entry>
    <name>Hands Armor ID</name>
    <type>s32</type>
    <default>0</default>
  </entry>
  <entry>
    <name>Legs Armor ID</name>
    <type>s32</type>
    <default>0</default>
  </entry>
  <entry>
    <name>Unk44</name>
    <type>s32</type>
    <default>0</default>
  </entry>
  <entry>
    <name>Unk48</name>
    <type>s32</type>
    <default>0</default>
  </entry>
</layout>