﻿<?xml version="1.0" encoding="utf-8"?>
<layout>
  <entry>
    <name>Unk00</name>
    <type>u8</type>
    <default>0</default>
  </entry>
  <entry>
    <name>Unk01</name>
    <type>u8</type>
    <default>0</default>
  </entry>
  <entry>
    <name>Unk02</name>
    <type>u8</type>
    <default>0</default>
  </entry>
  <entry>
    <name>Unk03</name>
    <type>u8</type>
    <default>0</default>
  </entry>
  
  <entry>
    <name>Conversation ID</name>
    <type>s32</type>
    <default>0</default>
  </entry>
  <entry>
    <name>Conversation Exit ID</name>
    <type>s32</type>
    <default>0</default>
  </entry>
  <entry>
    <name>Unk0C</name>
    <type>s32</type>
    <default>0</default>
  </entry>
  <entry>
    <name>Item ID</name>
    <type>s32</type>
    <default>0</default>
  </entry>
  <entry>
    <name>Itemlot ID</name>
    <type>s32</type>
    <default>0</default>
  </entry>
  <entry>
    <name>Unk18</name>
    <type>s32</type>
    <default>0</default>
  </entry>
  <entry>
    <name>NPC Info ID</name>
    <type>u16</type>
    <default>0</default>
  </entry>
  <entry>
    <name>Unk18</name>
    <type>u8</type>
    <default>0</default>
  </entry>
  <entry>
    <name>Unk19</name>
    <type>u8</type>
    <default>0</default>
  </entry>
  <entry>
    <name>Unk20</name>
    <type>u8</type>
    <default>0</default>
  </entry>
  <entry>
    <name>Unk21</name>
    <type>u8</type>
    <default>0</default>
  </entry>
  <entry>
    <name>Unk22</name>
    <type>u8</type>
    <default>0</default>
  </entry>
  <entry>
    <name>Unk23</name>
    <type>u8</type>
    <default>0</default>
  </entry>
  <entry>
    <name>Unk24</name>
    <type>s32</type>
    <default>0</default>
  </entry>
  <entry>
    <name>Unk28</name>
    <type>s32</type>
    <default>0</default>
  </entry>
  <entry>
    <name>Unk2C</name>
    <type>s32</type>
    <default>0</default>
  </entry>
</layout>