<?xml version="1.0" encoding="utf-8"?>
<layout>
  <entry>
    <name>Level</name>
    <type>u16</type>
    <default>0</default>
  </entry>
  <entry>
    <name>Human HP</name>
    <type>u16</type>
    <default>0</default>
  </entry>
  <entry>
    <name>Base HP</name>
    <type>u16</type>
    <default>0</default>
  </entry>
  <entry>
    <name>Base Stamina (*10)</name>
    <type>u16</type>
    <default>0</default>
  </entry>
  <entry>
    <name>Max Equip Load</name>
    <type>f32</type>
    <default>0</default>
  </entry>
  <entry>
    <name>Strength Bonus</name>
    <type>u32</type>
    <default>0</default>
  </entry>
  <entry>
    <name>Dexterity Bonus</name>
    <type>u32</type>
    <default>0</default>
  </entry>
  <entry>
    <name>Magic Bonus</name>
    <type>u32</type>
    <default>0</default>
  </entry>
  <entry>
    <name>Fire Bonus</name>
    <type>u32</type>
    <default>0</default>
  </entry>
  <entry>
    <name>Lightning Bonus</name>
    <type>u32</type>
    <default>0</default>
  </entry>
  <entry>
    <name>Dark Bonus</name>
    <type>u32</type>
    <default>0</default>
  </entry>
  <entry>
    <name>Poison Bonus</name>
    <type>u32</type>
    <default>0</default>
  </entry>
  <entry>
    <name>Bleed Bonus</name>
    <type>u32</type>
    <default>0</default>
  </entry>
  <entry>
    <name>Unk2C</name>
    <type>u32</type>
    <default>0</default>
  </entry>
  <entry>
    <name>Unk30</name>
    <type>f32</type>
    <default>0</default>
  </entry>
  <entry>
    <name>Unk34</name>
    <type>f32</type>
    <default>0</default>
  </entry>
  <entry>
    <name>Unk38</name>
    <type>f32</type>
    <default>0</default>
  </entry>
  <entry>
    <name>Unk3C</name>
    <type>f32</type>
    <default>0</default>
  </entry>
  <entry>
    <name>Unk40</name>
    <type>f32</type>
    <default>0</default>
  </entry>
  <entry>
    <name>Unk44</name>
    <type>f32</type>
    <default>0</default>
  </entry>
  <entry>
    <name>Unk48</name>
    <type>f32</type>
    <default>0</default>
  </entry>
  <entry>
    <name>Unk4C</name>
    <type>f32</type>
    <default>0</default>
  </entry>
  <entry>
    <name>Unk50</name>
    <type>f32</type>
    <default>0</default>
  </entry>
  <entry>
    <name>Unk54</name>
    <type>f32</type>
    <default>0</default>
  </entry>
  <entry>
    <name>Unk58</name>
    <type>f32</type>
    <default>0</default>
  </entry>
  <entry>
    <name>Unk5C</name>
    <type>f32</type>
    <default>0</default>
  </entry>
  <entry>
    <name>Unk60</name>
    <type>f32</type>
    <default>0</default>
  </entry>
  <entry>
    <name>Unk64</name>
    <type>f32</type>
    <default>0</default>
  </entry>
  <entry>
    <name>Strike Defence</name>
    <type>f32</type>
    <default>0</default>
  </entry>
  <entry>
    <name>Slash Defence</name>
    <type>f32</type>
    <default>0</default>
  </entry>
  <entry>
    <name>Thrust Defence</name>
    <type>f32</type>
    <default>0</default>
  </entry>
  <entry>
    <name>Unk74</name>
    <type>f32</type>
    <default>0</default>
  </entry>
  <entry>
    <name>Unk78</name>
    <type>f32</type>
    <default>0</default>
  </entry>
  <entry>
    <name>Unk7C</name>
    <type>f32</type>
    <default>0</default>
  </entry>
  <entry>
    <name>Unk80</name>
    <type>u32</type>
    <default>0</default>
  </entry>
  <entry>
    <name>Unk84</name>
    <type>u16</type>
    <default>0</default>
  </entry>
  <entry>
    <name>Unk86</name>
    <type>u16</type>
    <default>0</default>
  </entry>
  <entry>
    <name>Unk88</name>
    <type>u16</type>
    <default>0</default>
  </entry>
  <entry>
    <name>Unk90</name>
    <type>u16</type>
    <default>0</default>
  </entry>
  <entry>
    <name>Mundane Scaling</name>
    <type>u32</type>
    <default>0</default>
  </entry>
  <entry>
    <name>Poise</name>
    <type>f32</type>
    <default>0</default>
  </entry>
</layout>
