<?xml version="1.0" encoding="utf-8"?>
<layout>
  <entry>
    <name>Unk00</name>
    <type>s32</type>
    <default>0</default>
  </entry>
  <entry>
    <name>Soul Level</name>
    <type>u16</type>
    <default>0</default>
  </entry>
  <entry>
    <name>Vigor</name>
    <type>u16</type>
    <default>0</default>
  </entry>
  <entry>
    <name>Unk08</name>
    <type>s32</type>
    <default>0</default>
  </entry>
  <entry>
    <name>Endurance</name>
    <type>u16</type>
    <default>0</default>
  </entry>
  <entry>
    <name>Attunement</name>
    <type>u16</type>
    <default>0</default>
  </entry>
  <entry>
    <name>Vitality</name>
    <type>u16</type>
    <default>0</default>
  </entry>
  <entry>
    <name>Strength</name>
    <type>u16</type>
    <default>0</default>
  </entry>
  <entry>
    <name>Dexterity</name>
    <type>u16</type>
    <default>0</default>
  </entry>
  <entry>
    <name>Intelligence</name>
    <type>u16</type>
    <default>0</default>
  </entry>
  <entry>
    <name>Faith</name>
    <type>u16</type>
    <default>0</default>
  </entry>
  <entry>
    <name>Adaptability</name>
    <type>u16</type>
    <default>0</default>
  </entry>
  <entry>
    <name>Unk1C</name>
    <type>u16</type>
    <default>0</default>
  </entry>
  <entry>
    <name>Unk1C</name>
    <type>u16</type>
    <default>0</default>
  </entry>
  <entry>
    <name>Unk20</name>
    <type>u16</type>
    <default>0</default>
  </entry>
  <entry>
    <name>Unk20</name>
    <type>u16</type>
    <default>0</default>
  </entry>
  <entry>
    <name>Item 1 ID</name>
    <type>s32</type>
    <default>0</default>
  </entry>
  <entry>
    <name>Item 2 ID</name>
    <type>s32</type>
    <default>0</default>
  </entry>
  <entry>
    <name>Item 3 ID</name>
    <type>s32</type>
    <default>0</default>
  </entry>
  <entry>
    <name>Item 4 ID</name>
    <type>s32</type>
    <default>0</default>
  </entry>
  <entry>
    <name>Item 5 ID</name>
    <type>s32</type>
    <default>0</default>
  </entry>
  <entry>
    <name>Item 6 ID</name>
    <type>s32</type>
    <default>0</default>
  </entry>
  <entry>
    <name>Item 7 ID</name>
    <type>s32</type>
    <default>0</default>
  </entry>
  <entry>
    <name>Item 8 ID</name>
    <type>s32</type>
    <default>0</default>
  </entry>
  <entry>
    <name>Item 9 ID</name>
    <type>s32</type>
    <default>0</default>
  </entry>
  <entry>
    <name>Item 10 ID</name>
    <type>s32</type>
    <default>0</default>
  </entry>
  <entry>
    <name>Item 1 Amount</name>
    <type>u16</type>
    <default>0</default>
  </entry>
  <entry>
    <name>Item 2 Amount</name>
    <type>u16</type>
    <default>0</default>
  </entry>
  <entry>
    <name>Item 3 Amount</name>
    <type>u16</type>
    <default>0</default>
  </entry>
  <entry>
    <name>Item 4 Amount</name>
    <type>u16</type>
    <default>0</default>
  </entry>
  <entry>
    <name>Item 5 Amount</name>
    <type>u16</type>
    <default>0</default>
  </entry>
  <entry>
    <name>Item 6 Amount</name>
    <type>u16</type>
    <default>0</default>
  </entry>
  <entry>
    <name>Item 7 Amount</name>
    <type>u16</type>
    <default>0</default>
  </entry>
  <entry>
    <name>Item 8 Amount</name>
    <type>u16</type>
    <default>0</default>
  </entry>
  <entry>
    <name>Item 9 Amount</name>
    <type>u16</type>
    <default>0</default>
  </entry>
  <entry>
    <name>Item 10 Amount</name>
    <type>u16</type>
    <default>0</default>
  </entry>
  <entry>
    <name>Spell 1 ID</name>
    <type>s32</type>
    <default>0</default>
  </entry>
  <entry>
    <name>Spell 2 ID</name>
    <type>s32</type>
    <default>0</default>
  </entry>
  <entry>
    <name>Spell 3 ID</name>
    <type>s32</type>
    <default>0</default>
  </entry>
  <entry>
    <name>Spell 4 ID</name>
    <type>s32</type>
    <default>0</default>
  </entry>
  <entry>
    <name>Spell 5 ID</name>
    <type>s32</type>
    <default>0</default>
  </entry>
  <entry>
    <name>Spell 6 ID</name>
    <type>s32</type>
    <default>0</default>
  </entry>
  <entry>
    <name>Spell 7 ID</name>
    <type>s32</type>
    <default>0</default>
  </entry>
  <entry>
    <name>Spell 8 ID</name>
    <type>s32</type>
    <default>0</default>
  </entry>
  <entry>
    <name>Spell 9 ID</name>
    <type>s32</type>
    <default>0</default>
  </entry>
  <entry>
    <name>Spell 10 ID</name>
    <type>s32</type>
    <default>0</default>
  </entry>
  <entry>
    <name>Right Weapon 1 ID</name>
    <type>s32</type>
    <default>0</default>
  </entry>
  <entry>
    <name>Right Weapon 2 ID</name>
    <type>s32</type>
    <default>0</default>
  </entry>
  <entry>
    <name>Right Weapon 3 ID</name>
    <type>s32</type>
    <default>0</default>
  </entry>
  <entry>
    <name>Left Weapon 1 ID</name>
    <type>s32</type>
    <default>0</default>
  </entry>
  <entry>
    <name>Left Weapon 2 ID</name>
    <type>s32</type>
    <default>0</default>
  </entry>
  <entry>
    <name>Left Weapon 3 ID</name>
    <type>s32</type>
    <default>0</default>
  </entry>
  <entry>
    <name>Head Armor ID</name>
    <type>s32</type>
    <default>0</default>
  </entry>
  <entry>
    <name>Chest Armor ID</name>
    <type>s32</type>
    <default>0</default>
  </entry>
  <entry>
    <name>Hands Armor ID</name>
    <type>s32</type>
    <default>0</default>
  </entry>
  <entry>
    <name>Legs Armor ID</name>
    <type>s32</type>
    <default>0</default>
  </entry>
  <entry>
    <name>Ring 1 ID</name>
    <type>s32</type>
    <default>0</default>
  </entry>
  <entry>
    <name>Ring 2 ID</name>
    <type>s32</type>
    <default>0</default>
  </entry>
  <entry>
    <name>Ring 3 ID</name>
    <type>s32</type>
    <default>0</default>
  </entry>
  <entry>
    <name>Ring 4 ID</name>
    <type>s32</type>
    <default>0</default>
  </entry>
  <entry>
    <name>Right Weapon 1 Reinforcement</name>
    <type>u32</type>
    <default>0</default>
  </entry>
  <entry>
    <name>Right Weapon 2 Reinforcement</name>
    <type>u32</type>
    <default>0</default>
  </entry>
  <entry>
    <name>Right Weapon 3 Reinforcement</name>
    <type>u32</type>
    <default>0</default>
  </entry>
  <entry>
    <name>Left Weapon 1 Reinforcement</name>
    <type>u32</type>
    <default>0</default>
  </entry>
  <entry>
    <name>Left Weapon 2 Reinforcement</name>
    <type>u32</type>
    <default>0</default>
  </entry>
  <entry>
    <name>Left Weapon 3 Reinforcement</name>
    <type>u32</type>
    <default>0</default>
  </entry>
  <entry>
    <name>UnkD8</name>
    <type>s32</type>
    <default>0</default>
  </entry>
  <entry>
    <name>Player Status Item ID</name>
    <type>s32</type>
    <default>0</default>
    <description>Determines starting inventory.</description>
  </entry>
  <entry>
    <name>Player Status Item ID</name>
    <type>s32</type>
    <default>0</default>
    <description>Determines starting inventory.</description>
  </entry>
  <entry>
    <name>Player Status Item ID</name>
    <type>s32</type>
    <default>0</default>
    <description>Determines starting inventory.</description>
  </entry>
  <entry>
    <name>UnkE8</name>
    <type>s32</type>
    <default>0</default>
  </entry>
  <entry>
    <name>Arrow 1 ID</name>
    <type>s32</type>
    <default>0</default>
  </entry>
  <entry>
    <name>Arrow 2 ID</name>
    <type>s32</type>
    <default>0</default>
  </entry>
  <entry>
    <name>Bolt 1 ID</name>
    <type>s32</type>
    <default>0</default>
  </entry>
  <entry>
    <name>Bolt 2 ID</name>
    <type>s32</type>
    <default>0</default>
  </entry>
  <entry>
    <name>Arrow 1 Amount</name>
    <type>u16</type>
    <default>0</default>
  </entry>
  <entry>
    <name>Arrow 2 Amount</name>
    <type>u16</type>
    <default>0</default>
  </entry>
  <entry>
    <name>Bolt 1 Amount</name>
    <type>u16</type>
    <default>0</default>
  </entry>
  <entry>
    <name>Bolt 2 Amount</name>
    <type>u16</type>
    <default>0</default>
  </entry>
  <entry>
    <name>Gesture 1 ID</name>
    <type>s32</type>
    <default>0</default>
  </entry>
  <entry>
    <name>Gesture 2 ID</name>
    <type>s32</type>
    <default>0</default>
  </entry>
  <entry>
    <name>Gesture 3 ID</name>
    <type>s32</type>
    <default>0</default>
  </entry>
  <entry>
    <name>Gesture 4 ID</name>
    <type>s32</type>
    <default>0</default>
  </entry>
  <entry>
    <name>Gesture 5 ID</name>
    <type>s32</type>
    <default>0</default>
  </entry>
  <entry>
    <name>Gesture 6 ID</name>
    <type>s32</type>
    <default>0</default>
  </entry>
  <entry>
    <name>Gesture 7 ID</name>
    <type>s32</type>
    <default>0</default>
  </entry>
  <entry>
    <name>Gesture 8 ID</name>
    <type>s32</type>
    <default>0</default>
  </entry>
  <entry>
    <name>Unk124</name>
    <type>s32</type>
    <default>0</default>
  </entry>
</layout>
