﻿<?xml version="1.0" encoding="utf-8"?>
<layout>
  <entry>
    <name>Item ID 0</name>
    <type>s32</type>
    <default>0</default>
  </entry>
  <entry>
    <name>Item ID 1</name>
    <type>s32</type>
    <default>0</default>
  </entry>
  <entry>
    <name>Item ID 2</name>
    <type>s32</type>
    <default>0</default>
  </entry>
  <entry>
    <name>Item ID 3</name>
    <type>s32</type>
    <default>0</default>
  </entry>
  <entry>
    <name>Item ID 4</name>
    <type>s32</type>
    <default>0</default>
  </entry>
  <entry>
    <name>Item ID 5</name>
    <type>s32</type>
    <default>0</default>
  </entry>
  <entry>
    <name>Item ID 6</name>
    <type>s32</type>
    <default>0</default>
  </entry>
  <entry>
    <name>Item ID 7</name>
    <type>s32</type>
    <default>0</default>
  </entry>
  <entry>
    <name>Item ID 8</name>
    <type>s32</type>
    <default>0</default>
  </entry>
  <entry>
    <name>Item ID 9</name>
    <type>s32</type>
    <default>0</default>
  </entry>
  <entry>
    <name>Item ID 10</name>
    <type>s32</type>
    <default>0</default>
  </entry>
  <entry>
    <name>Item ID 11</name>
    <type>s32</type>
    <default>0</default>
  </entry>
  <entry>
    <name>Item ID 12</name>
    <type>s32</type>
    <default>0</default>
  </entry>
  <entry>
    <name>Item ID 13</name>
    <type>s32</type>
    <default>0</default>
  </entry>
  <entry>
    <name>Item ID 14</name>
    <type>s32</type>
    <default>0</default>
  </entry>
  <entry>
    <name>Item ID 15</name>
    <type>s32</type>
    <default>0</default>
  </entry>
  <entry>
    <name>Item ID 16</name>
    <type>s32</type>
    <default>0</default>
  </entry>
  <entry>
    <name>Item ID 17</name>
    <type>s32</type>
    <default>0</default>
  </entry>
  <entry>
    <name>Item ID 18</name>
    <type>s32</type>
    <default>0</default>
  </entry>
  <entry>
    <name>Item ID 19</name>
    <type>s32</type>
    <default>0</default>
  </entry>
  <entry>
    <name>Item Amount 0</name>
    <type>u16</type>
    <default>0</default>
  </entry>
  <entry>
    <name>Item Amount 1</name>
    <type>u16</type>
    <default>0</default>
  </entry>
  <entry>
    <name>Item Amount 2</name>
    <type>u16</type>
    <default>0</default>
  </entry>
  <entry>
    <name>Item Amount 3</name>
    <type>u16</type>
    <default>0</default>
  </entry>
  <entry>
    <name>Item Amount 4</name>
    <type>u16</type>
    <default>0</default>
  </entry>
  <entry>
    <name>Item Amount 5</name>
    <type>u16</type>
    <default>0</default>
  </entry>
  <entry>
    <name>Item Amount 6</name>
    <type>u16</type>
    <default>0</default>
  </entry>
  <entry>
    <name>Item Amount 7</name>
    <type>u16</type>
    <default>0</default>
  </entry>
  <entry>
    <name>Item Amount 8</name>
    <type>u16</type>
    <default>0</default>
  </entry>
  <entry>
    <name>Item Amount 9</name>
    <type>u16</type>
    <default>0</default>
  </entry>
  <entry>
    <name>Item Amount 10</name>
    <type>u16</type>
    <default>0</default>
  </entry>
  <entry>
    <name>Item Amount 11</name>
    <type>u16</type>
    <default>0</default>
  </entry>
  <entry>
    <name>Item Amount 12</name>
    <type>u16</type>
    <default>0</default>
  </entry>
  <entry>
    <name>Item Amount 13</name>
    <type>u16</type>
    <default>0</default>
  </entry>
  <entry>
    <name>Item Amount 14</name>
    <type>u16</type>
    <default>0</default>
  </entry>
  <entry>
    <name>Item Amount 15</name>
    <type>u16</type>
    <default>0</default>
  </entry>
  <entry>
    <name>Item Amount 16</name>
    <type>u16</type>
    <default>0</default>
  </entry>
  <entry>
    <name>Item Amount 17</name>
    <type>u16</type>
    <default>0</default>
  </entry>
  <entry>
    <name>Item Amount 18</name>
    <type>u16</type>
    <default>0</default>
  </entry>
  <entry>
    <name>Item Amount 19</name>
    <type>u16</type>
    <default>0</default>
  </entry>
</layout>
