﻿<?xml version="1.0" encoding="utf-8"?>
<layout>
  <entry>
    <name>Equip ID</name>
    <type>s32</type>
    <default>-1</default>
  </entry>
  <entry>
    <name>Unk04</name>
    <type>s32</type>
    <default>10</default>
  </entry>
  <entry>
    <name>Enable Flag</name>
    <type>s32</type>
    <default>-1</default>
  </entry>
  <entry>
    <name>Disable Flag</name>
    <type>s32</type>
    <default>-1</default>
  </entry>
  <entry>
    <name>Material ID</name>
    <type>s32</type>
    <default>0</default>
  </entry>
  <entry>
    <name>Duplicate Item ID</name>
    <type>s32</type>
    <default>0</default>
  </entry>
  <entry>
    <name>Unk18</name>
    <type>s32</type>
    <default>0</default>
  </entry>
  <entry>
    <name>Price Rate</name>
    <type>f32</type>
    <default>1</default>
  </entry>
  <entry>
    <name>Quantity</name>
    <type>s32</type>
    <default>255</default>
  </entry>
</layout>
