﻿<?xml version="1.0" encoding="utf-8"?>
<layout>
  <entry>
    <name>Damage: Physical</name>
    <type>f32</type>
    <default>0</default>
  </entry>
  <entry>
    <name>Damage: Magic</name>
    <type>f32</type>
    <default>0</default>
  </entry>
  <entry>
    <name>Damage: Fire</name>
    <type>f32</type>
    <default>0</default>
  </entry>
  <entry>
    <name>Damage: Lightning</name>
    <type>f32</type>
    <default>0</default>
  </entry>
  <entry>
    <name>Damage: Dark</name>
    <type>f32</type>
    <default>0</default>
  </entry>
  <entry>
    <name>Damage: Poison (Float / 5)</name>
    <type>f32</type>
    <default>0</default>
  </entry>
  <entry>
    <name>Damage: Bleed (Float / 5)</name>
    <type>f32</type>
    <default>0</default>
  </entry>
  <entry>
    <name>Damage: Petrify (Float / 5)</name>
    <type>f32</type>
    <default>0</default>
  </entry>
  <entry>
    <name>Damage: Curse (Float / 5)</name>
    <type>f32</type>
    <default>0</default>
  </entry>
  <entry>
    <name>Max Damage: Physical</name>
    <type>f32</type>
    <default>0</default>
  </entry>
  <entry>
    <name>Max Damage: Magic</name>
    <type>f32</type>
    <default>0</default>
  </entry>
  <entry>
    <name>Max Damage: Fire</name>
    <type>f32</type>
    <default>0</default>
  </entry>
  <entry>
    <name>Max Damage: Lightning</name>
    <type>f32</type>
    <default>0</default>
  </entry>
  <entry>
    <name>Max Damage: Dark</name>
    <type>f32</type>
    <default>0</default>
  </entry>
  <entry>
    <name>Max Damage: Poison (Float / 5)</name>
    <type>f32</type>
    <default>0</default>
  </entry>
  <entry>
    <name>Max Damage: Bleed (Float / 5)</name>
    <type>f32</type>
    <default>0</default>
  </entry>
  <entry>
    <name>Max Damage: Petrify (Float / 5)</name>
    <type>f32</type>
    <default>0</default>
  </entry>
  <entry>
    <name>Max Damage: Curse (Float / 5)</name>
    <type>f32</type>
    <default>0</default>
  </entry>
  <entry>
    <name>Max Reinforcement Level</name>
    <type>s32</type>
    <default>0</default>
  </entry>
  <entry>
    <name>Weapon Stats Affect ID</name>
    <type>s32</type>
    <default>0</default>
  </entry>
  <entry>
    <name>Absorption: Physical</name>
    <type>f32</type>
    <default>0</default>
  </entry>
  <entry>
    <name>Absorption: Magic</name>
    <type>f32</type>
    <default>0</default>
  </entry>
  <entry>
    <name>Absorption: Fire</name>
    <type>f32</type>
    <default>0</default>
  </entry>
  <entry>
    <name>Absorption: Lightning</name>
    <type>f32</type>
    <default>0</default>
  </entry>
  <entry>
    <name>Absorption: Dark</name>
    <type>f32</type>
    <default>0</default>
  </entry>
  <entry>
    <name>Resistance: Poison</name>
    <type>f32</type>
    <default>0</default>
  </entry>
  <entry>
    <name>Resistance: Bleed</name>
    <type>f32</type>
    <default>0</default>
  </entry>
  <entry>
    <name>Resistance: Petrify</name>
    <type>f32</type>
    <default>0</default>
  </entry>
  <entry>
    <name>Resistance: Curse</name>
    <type>f32</type>
    <default>0</default>
  </entry>
  <entry>
    <name>Stability: +0</name>
    <type>f32</type>
    <default>0</default>
  </entry>
  <entry>
    <name>Stability: +1</name>
    <type>f32</type>
    <default>0</default>
  </entry>
  <entry>
    <name>Stability: +2</name>
    <type>f32</type>
    <default>0</default>
  </entry>
  <entry>
    <name>Stability: +3</name>
    <type>f32</type>
    <default>0</default>
  </entry>
  <entry>
    <name>Stability: +4</name>
    <type>f32</type>
    <default>0</default>
  </entry>
  <entry>
    <name>Stability: +5</name>
    <type>f32</type>
    <default>0</default>
  </entry>
  <entry>
    <name>Stability: +6</name>
    <type>f32</type>
    <default>0</default>
  </entry>
  <entry>
    <name>Stability: +7</name>
    <type>f32</type>
    <default>0</default>
  </entry>
  <entry>
    <name>Stability: +8</name>
    <type>f32</type>
    <default>0</default>
  </entry>
  <entry>
    <name>Stability: +9</name>
    <type>f32</type>
    <default>0</default>
  </entry>
  <entry>
    <name>Stability: +10</name>
    <type>f32</type>
    <default>0</default>
  </entry>
  <entry>
    <name>Damage %: Physical</name>
    <type>f32</type>
    <default>0</default>
  </entry>
  <entry>
    <name>Damage %: Magic</name>
    <type>f32</type>
    <default>0</default>
  </entry>
  <entry>
    <name>Damage %: Lightning</name>
    <type>f32</type>
    <default>0</default>
  </entry>
  <entry>
    <name>Damage %: Fire</name>
    <type>f32</type>
    <default>0</default>
  </entry>
  <entry>
    <name>Damage %: Dark</name>
    <type>f32</type>
    <default>0</default>
  </entry>
  <entry>
    <name>Damage %: Poison</name>
    <type>f32</type>
    <default>0</default>
  </entry>
  <entry>
    <name>Damage %: Bleed</name>
    <type>f32</type>
    <default>0</default>
  </entry>
  <entry>
    <name>Damage %: Petrify</name>
    <type>f32</type>
    <default>0</default>
  </entry>
  <entry>
    <name>Damage %: Curse</name>
    <type>f32</type>
    <default>0</default>
  </entry>
  <entry>
    <name>UnkC4</name>
    <type>f32</type>
    <default>0</default>
  </entry>
  <entry>
    <name>UnkC8</name>
    <type>f32</type>
    <default>0</default>
  </entry>
  <entry>
    <name>UnkCC</name>
    <type>f32</type>
    <default>0</default>
  </entry>
  <entry>
    <name>UnkD0</name>
    <type>f32</type>
    <default>0</default>
  </entry>
  <entry>
    <name>UnkD4</name>
    <type>f32</type>
    <default>0</default>
  </entry>
  <entry>
    <name>UnkD8</name>
    <type>f32</type>
    <default>0</default>
  </entry>
  <entry>
    <name>UnkDC</name>
    <type>f32</type>
    <default>0</default>
  </entry>
  <entry>
    <name>UnkE0</name>
    <type>f32</type>
    <default>0</default>
  </entry>
  <entry>
    <name>UnkE4</name>
    <type>f32</type>
    <default>0</default>
  </entry>
  <entry>
    <name>CustomAttrSpecParam ID</name>
    <type>s32</type>
    <default>0</default>
  </entry>
  <entry>
    <name>CustomAttrCostParam ID</name>
    <type>s32</type>
    <default>0</default>
  </entry>
  <entry>
    <name>Reinforce Cost ID</name>
    <type>s32</type>
    <default>0</default>
  </entry>
</layout>
