﻿<?xml version="1.0" encoding="utf-8"?>
<layout>
  <entry>
    <name>Weapon Motion ID</name>
    <type>s32</type>
    <default>0</default>
  </entry>
  <entry>
    <name>Attack Behavior ID</name>
    <type>s32</type>
    <default>0</default>
  </entry>
  <entry>
    <name>Weapon Reinforce ID</name>
    <type>s32</type>
    <default>0</default>
  </entry>
  <entry>
    <name>Action Category ID</name>
    <type>s32</type>
    <default>0</default>
  </entry>
  <entry>
    <name>Weapon Type ID</name>
    <type>s32</type>
    <default>-1</default>
  </entry>
  <entry>
    <name>Unk02</name>
    <type>s32</type>
    <default>-1</default>
  </entry>
  <entry>
    <name>STR Requirement</name>
    <type>s16</type>
    <default>-1</default>
  </entry>
  <entry>
    <name>DEX Requirement</name>
    <type>s16</type>
    <default>-1</default>
  </entry>
  <entry>
    <name>INT Requirement</name>
    <type>s16</type>
    <default>-1</default>
  </entry>
  <entry>
    <name>FTH Requirement</name>
    <type>s16</type>
    <default>-1</default>
  </entry>
  <entry>
    <name>Weight</name>
    <type>f32</type>
    <default>0</default>
  </entry>
  <entry>
    <name>Recovery Animation Weight</name>
    <type>f32</type>
    <default>0</default>
  </entry>
  <entry>
    <name>Max Durability</name>
    <type>f32</type>
    <default>0</default>
  </entry>
  <entry>
    <name>Base Repair Cost</name>
    <type>s32</type>
    <default>-1</default>
  </entry>
  <entry>
    <name>Unk30</name>
    <type>s32</type>
    <default>-1</default>
  </entry>
  <entry>
    <name>Stamina Consumption (*10)</name>
    <type>f32</type>
    <default>-1</default>
  </entry>
  <entry>
    <name>Stamina Damage (*10)</name>
    <type>f32</type>
    <default>-1</default>
  </entry>
  <entry>
    <name>Weapon Stamina Cost ID</name>
    <type>s32</type>
    <default>-1</default>
  </entry>
  <entry>
    <name>Unk40</name>
    <type>f32</type>
    <default>-1</default>
  </entry>
  <entry>
    <name>Unk44</name>
    <type>f32</type>
    <default>-1</default>
  </entry>
  <entry>
    <name>Unk48</name>
    <type>f32</type>
    <default>-1</default>
  </entry>
  <entry>
    <name>Unk4C</name>
    <type>f32</type>
    <default>-1</default>
  </entry>
  <entry>
    <name>Player Damage ID: Critical</name>
    <type>s32</type>
    <default>-1</default>
  </entry>
  <entry>
    <name>Player Damage ID: Critical</name>
    <type>s32</type>
    <default>-1</default>
  </entry>
  <entry>
    <name>Player Damage ID: Critical</name>
    <type>s32</type>
    <default>-1</default>
  </entry>
  <entry>
    <name>Player Damage ID: Critical</name>
    <type>s32</type>
    <default>-1</default>
  </entry>
  <entry>
    <name>Player Damage ID: Critical</name>
    <type>s32</type>
    <default>-1</default>
  </entry>
  <entry>
    <name>Player Damage ID: Critical</name>
    <type>s32</type>
    <default>-1</default>
  </entry>
  <entry>
    <name>Player Damage ID: Critical</name>
    <type>s32</type>
    <default>-1</default>
  </entry>
  <entry>
    <name>Player Damage ID: Critical</name>
    <type>s32</type>
    <default>-1</default>
  </entry>
  <entry>
    <name>Player Damage ID: Critical</name>
    <type>s32</type>
    <default>-1</default>
  </entry>
  <entry>
    <name>Unk74</name>
    <type>f32</type>
    <default>-1</default>
  </entry>
  <entry>
    <name>Unk78</name>
    <type>s32</type>
    <default>-1</default>
  </entry>
  <entry>
    <name>Unk7C</name>
    <type>s32</type>
    <default>-1</default>
  </entry>
  <entry>
    <name>Damage Multiplier</name>
    <type>f32</type>
    <default>-1</default>
  </entry>
  <entry>
    <name>Equipment Damage Multiplier</name>
    <type>f32</type>
    <default>-1</default>
  </entry>
  <entry>
    <name>Guard Break Related</name>
    <type>f32</type>
    <default>-1</default>
  </entry>
  <entry>
    <name>Guard Break Related</name>
    <type>f32</type>
    <default>-1</default>
  </entry>
  <entry>
    <name>Status Effect Amount</name>
    <type>f32</type>
    <default>-1</default>
  </entry>
  <entry>
    <name>Unk94</name>
    <type>f32</type>
    <default>-1</default>
  </entry>
  <entry>
    <name>Hitbox Size</name>
    <type>f32</type>
    <default>-1</default>
  </entry>
  <entry>
    <name>Hitbox Size 2</name>
    <type>f32</type>
    <default>-1</default>
  </entry>
  <entry>
    <name>Hitbox Wall Cancel</name>
    <type>f32</type>
    <default>-1</default>
  </entry>
  <entry>
    <name>Hitbox Wall Cancel</name>
    <type>f32</type>
    <default>-1</default>
  </entry>
  <entry>
    <name>Damage Type</name>
    <type>s16</type>
    <default>-1</default>
  </entry>
  <entry>
    <name>Poise Damage</name>
    <type>s16</type>
    <default>-1</default>
  </entry>
  <entry>
    <name>Counter Damage</name>
    <type>s16</type>
    <default>-1</default>
  </entry>
  <entry>
    <name>Casting Speed</name>
    <type>s16</type>
    <default>-1</default>
  </entry>
  <entry>
    <name>UnkB0</name>
    <type>f32</type>
    <default>-1</default>
  </entry>
  <entry>
    <name>Poise Damage (Float / 10)</name>
    <type>f32</type>
    <default>-1</default>
  </entry>
  <entry>
    <name>UnkB8</name>
    <type>f32</type>
    <default>-1</default>
  </entry>
</layout>
